-- --------------------------------------------------------
-- Host:                         127.0.0.1
-- Server Version:               10.1.8-MariaDB - mariadb.org binary distribution
-- Server Betriebssystem:        Win64
-- HeidiSQL Version:             9.1.0.4867
-- --------------------------------------------------------

/*!40101 SET @OLD_CHARACTER_SET_CLIENT=@@CHARACTER_SET_CLIENT */;
/*!40101 SET NAMES utf8mb4 */;
/*!40014 SET @OLD_FOREIGN_KEY_CHECKS=@@FOREIGN_KEY_CHECKS, FOREIGN_KEY_CHECKS=0 */;
/*!40101 SET @OLD_SQL_MODE=@@SQL_MODE, SQL_MODE='NO_AUTO_VALUE_ON_ZERO' */;
-- Exportiere Daten aus Tabelle ufo.area: ~8 rows (ungefähr)
/*!40000 ALTER TABLE `area` DISABLE KEYS */;
INSERT INTO `area` (`id`, `name`) VALUES
	(1, 'Hauptplatz'),
	(2, 'Pfarrplatz und Domgasse'),
	(3, 'Altstadt'),
	(4, 'Landstraße'),
	(5, 'Straßentheater-Aufführungen'),
	(6, 'Promenade'),
	(7, 'Musik-Spots'),
	(8, 'Rathausplatz');
/*!40000 ALTER TABLE `area` ENABLE KEYS */;

-- Exportiere Daten aus Tabelle ufo.artist: ~60 rows (ungefähr)
/*!40000 ALTER TABLE `artist` DISABLE KEYS */;
INSERT INTO `artist` (`id`, `name`, `image`, `video`, `category_id`, `country_id`, `email`, `deleted`) VALUES
	(1, 'circoPitanga', 'http://www.winzerhof-wurst.at/ufo/images/1.jpg', 'https://youtube.com/watch?v=bid2x95r4', 1, 42, 'circoPitanga@gmx.at', 0),
	(2, 'Compagnie Antipodes', 'http://www.winzerhof-wurst.at/ufo/images/2.jpg', 'https://youtube.com/watch?v=3sgnn0tr4', 1, 74, 'CompagnieAntipodes@gmx.at', 0),
	(3, 'Los Galindos', 'http://www.winzerhof-wurst.at/ufo/images/3.jpg', 'https://youtube.com/watch?v=2rb35bttg', 1, 67, 'LosGalindos@gmx.de', 0),
	(4, 'La Trocola Circo', 'http://www.winzerhof-wurst.at/ufo/images/4.jpg', NULL, 1, 11, 'LaTrocolaCirco@gmail.com', 0),
	(5, 'Cia. Jean Philippe Kikolas', 'http://www.winzerhof-wurst.at/ufo/images/5.jpg', 'https://youtube.com/watch?v=51entws0c', 1, 67, 'CiaJeanPhilippeKikolas@live.com', 0),
	(6, 'Hint', 'http://www.winzerhof-wurst.at/ufo/images/6.jpg', 'https://youtube.com/watch?v=i7alt1h3o', 1, 193, 'Hint@gmx.de', 0),
	(7, 'figurentheater (isipisi)', 'http://www.winzerhof-wurst.at/ufo/images/7.jpg', 'https://youtube.com/watch?v=uxxn3b0w7', 2, 13, 'figurentheater@gmx.at', 0),
	(8, 'Box Actor Yaya', 'http://www.winzerhof-wurst.at/ufo/images/8.jpg', 'https://youtube.com/watch?v=08vd1pcb7', 3, 113, 'BoxActorYaya@gmx.de', 0),
	(9, 'Compagnie MOBIL', 'http://www.winzerhof-wurst.at/ufo/images/9.jpg', 'https://youtube.com/watch?v=s4zbdntvn', 3, 163, 'CompagnieMOBIL@gmail.com', 0),
	(10, 'Derek Derek', 'http://www.winzerhof-wurst.at/ufo/images/10.jpg', 'https://youtube.com/watch?v=bh4wvd1us', 3, 227, 'DerekDerek@gmx.de', 0),
	(11, 'Die Buschs', 'http://www.winzerhof-wurst.at/ufo/images/11.jpg', 'https://youtube.com/watch?v=42nux0xid', 3, 56, 'DieBuschs@gmx.at', 0),
	(12, 'Dimitar and Tui (AiO Company)', 'http://www.winzerhof-wurst.at/ufo/images/12.jpg', 'https://youtube.com/watch?v=32reekctt', 3, 23, 'DimitarandTui@gmx.de', 0),
	(13, 'Dj Capuzzi & Senorita X', 'http://www.winzerhof-wurst.at/ufo/images/13.jpg', 'https://youtube.com/watch?v=buz5k6te6', 3, 11, 'DjCapuzzi&SenoritaX@gmx.de', 0),
	(14, 'Eddy Eighty', 'http://www.winzerhof-wurst.at/ufo/images/14.jpg', 'https://youtube.com/watch?v=ipx5ov6it', 3, 67, 'EddyEighty@gmx.de', 0),
	(15, 'El Diabolero', 'http://www.winzerhof-wurst.at/ufo/images/15.jpg', 'https://youtube.com/watch?v=9jvln5k6v', 3, 13, 'ElDiabolero@gmail.com', 0),
	(16, 'Herr Hundertpfund', 'http://www.winzerhof-wurst.at/ufo/images/16.jpg', 'https://youtube.com/watch?v=l4iz11rgp', 3, 56, 'HerrHundertpfund@live.com', 0),
	(17, 'Herr Konrad', 'http://www.winzerhof-wurst.at/ufo/images/17.jpg', 'https://youtube.com/watch?v=2vwn7ue7k', 3, 56, 'HerrKonrad@hotmail.com', 0),
	(18, 'HoopStep', 'http://www.winzerhof-wurst.at/ufo/images/18.jpg', 'https://youtube.com/watch?v=wl0xkm6r2', 3, 56, 'HoopStep@gmx.at', 0),
	(19, 'Ian Deadly', 'http://www.winzerhof-wurst.at/ufo/images/19.jpg', 'https://youtube.com/watch?v=rc5eegvrw', 3, 76, 'IanDeadly@gmx.de', 0),
	(20, 'Kammann', 'http://www.winzerhof-wurst.at/ufo/images/20.jpg', 'https://youtube.com/watch?v=00tr2vvf8', 3, 56, 'Kammann@gmail.com', 0),
	(21, 'Kana', 'http://www.winzerhof-wurst.at/ufo/images/21.jpg', 'https://youtube.com/watch?v=vkgc21o1v', 3, 113, 'Kana@gmx.de', 0),
	(22, 'Maurangas', 'http://www.winzerhof-wurst.at/ufo/images/22.jpg', 'https://youtube.com/watch?v=2dfsedemo', 3, 11, 'Maurangas@live.com', 0),
	(23, 'Mr. Mostacho', 'http://www.winzerhof-wurst.at/ufo/images/23.jpg', 'https://youtube.com/watch?v=7vv6jt8ik', 3, 45, 'MrMostacho@gmx.at', 0),
	(24, 'Anne & Mitja', 'http://www.winzerhof-wurst.at/ufo/images/24.jpg', 'https://youtube.com/watch?v=04arsbzvd', 4, 56, 'Anne&Mitja@gmx.at', 0),
	(25, 'Cia. ElOtro', 'http://www.winzerhof-wurst.at/ufo/images/25.jpg', 'https://youtube.com/watch?v=fv30lm26f', 4, 67, 'CiaElOtro@gmx.at', 0),
	(26, 'Cia. Passabarret', 'http://www.winzerhof-wurst.at/ufo/images/26.jpg', 'https://youtube.com/watch?v=c7rurxbcm', 4, 67, 'CiaPassabarret@gmx.de', 0),
	(27, 'Cia. ZagreB', 'http://www.winzerhof-wurst.at/ufo/images/27.jpg', 'https://youtube.com/watch?v=vhx5j2dh1', 4, 74, 'CiaZagreB@gmail.com', 0),
	(28, 'DANCEproject', 'http://www.winzerhof-wurst.at/ufo/images/28.jpg', 'https://youtube.com/watch?v=h1gx0zmva', 4, 13, 'DANCEproject@gmx.de', 0),
	(29, 'Duo Kate and Pasi', 'http://www.winzerhof-wurst.at/ufo/images/29.jpg', 'https://youtube.com/watch?v=lu3p2vvkx', 4, 69, 'DuoKateandPasi@gmail.com', 0),
	(30, 'Duo Looky', 'http://www.winzerhof-wurst.at/ufo/images/30.jpg', 'https://youtube.com/watch?v=oa6s4x7vg', 4, 102, 'DuoLooky@gmail.com', 0),
	(31, 'Duo Masawa', 'http://www.winzerhof-wurst.at/ufo/images/31.jpg', 'https://youtube.com/watch?v=edgvolm3c', 4, 109, 'DuoMasawa@gmail.com', 0),
	(32, 'Zirkus Gonzo', 'http://www.winzerhof-wurst.at/ufo/images/32.jpg', 'https://youtube.com/watch?v=4bzo9xm4f', 5, 58, 'ZirkusGonzo@gmx.de', 0),
	(33, 'Cia. Frutillas Con Crema', 'http://www.winzerhof-wurst.at/ufo/images/33.jpg', 'https://youtube.com/watch?v=j4pzkjvpa', 6, 67, 'CiaFrutillasConCrema@hotmail.com', 0),
	(34, 'Fausto Giori', 'http://www.winzerhof-wurst.at/ufo/images/34.jpg', 'https://youtube.com/watch?v=zph0a6s3v', 6, 109, 'FaustoGiori@gmail.com', 0),
	(35, 'Luca Bellezze', 'http://www.winzerhof-wurst.at/ufo/images/35.jpg', 'https://youtube.com/watch?v=r0h5za6t7', 6, 109, 'LucaBellezze@gmx.at', 0),
	(36, 'Mattress Circus', 'http://www.winzerhof-wurst.at/ufo/images/36.jpg', NULL, 6, 58, 'MattressCircus@gmx.de', 0),
	(37, 'Mute', 'http://www.winzerhof-wurst.at/ufo/images/37.jpg', 'https://youtube.com/watch?v=r3wzxihl8', 6, 212, 'Mute@gmail.com', 0),
	(38, 'Omnivolant', 'http://www.winzerhof-wurst.at/ufo/images/38.jpg', NULL, 6, 56, 'Omnivolant@gmx.de', 0),
	(39, 'Secret Circus', 'http://www.winzerhof-wurst.at/ufo/images/39.jpg', 'https://youtube.com/watch?v=2p5d21pax', 6, 30, 'SecretCircus@gmx.de', 0),
	(40, 'The Sideshow Charlatans', 'http://www.winzerhof-wurst.at/ufo/images/40.jpg', 'https://youtube.com/watch?v=lwe31mpkb', 6, 56, 'TheSideshowCharlatans@gmx.de', 0),
	(41, 'TON', 'http://www.winzerhof-wurst.at/ufo/images/41.jpg', 'https://youtube.com/watch?v=mwcuuggmj', 6, 163, 'TON@gmail.com', 0),
	(42, 'Trini-ty', 'http://www.winzerhof-wurst.at/ufo/images/42.jpg', 'https://youtube.com/watch?v=l17m82b6l', 6, 45, 'Trini-ty@gmx.at', 0),
	(43, 'Benni Green', 'http://www.winzerhof-wurst.at/ufo/images/43.jpg', 'https://youtube.com/watch?v=984nltz6r', 7, 109, 'BenniGreen@gmail.com', 0),
	(44, 'Les Contes dAsphalt', 'http://www.winzerhof-wurst.at/ufo/images/44.jpg', 'https://youtube.com/watch?v=x7xu2ljnd', 7, 21, 'LesContesdAsphalt@gmail.com', 0),
	(45, 'Lutrek Statues & Clowns', 'http://www.winzerhof-wurst.at/ufo/images/45.jpg', 'https://youtube.com/watch?v=modh2lihm', 7, 176, 'LutrekStatues&Clowns@gmail.com', 0),
	(46, 'OAKLEAF Stelzenkunst', 'http://www.winzerhof-wurst.at/ufo/images/46.jpg', NULL, 7, 56, 'OAKLEAFStelzenkunst@gmail.com', 0),
	(47, 'The LEDies', 'http://www.winzerhof-wurst.at/ufo/images/47.jpg', 'https://youtube.com/watch?v=6ud47fat0', 7, 13, 'TheLEDies@gmx.at', 0),
	(48, 'Urban Safari', 'http://www.winzerhof-wurst.at/ufo/images/48.jpg', 'https://youtube.com/watch?v=cdkf8nbbf', 7, 163, 'UrbanSafari@gmx.at', 0),
	(49, 'Barada Street', 'http://www.winzerhof-wurst.at/ufo/images/49.jpg', NULL, 8, 115, 'BaradaStreet@live.com', 0),
	(50, 'Blechsalat', 'http://www.winzerhof-wurst.at/ufo/images/50.jpg', 'https://youtube.com/watch?v=4vh0ev33', 8, 13, 'Blechsalat@gmail.com', 0),
	(51, 'Anta Agni', 'http://www.winzerhof-wurst.at/ufo/images/51.jpg', 'https://youtube.com/watch?v=wxobbfur0', 9, 198, 'AntaAgni@gmx.de', 0),
	(52, 'Lumen Invoco', 'http://www.winzerhof-wurst.at/ufo/images/52.jpg', 'https://youtube.com/watch?v=h3sda132p', 9, 109, 'LumenInvoco@gmx.de', 0),
	(53, 'Shining Shadows', 'http://www.winzerhof-wurst.at/ufo/images/53.jpg', NULL, 9, 13, 'ShiningShadows@gmail.com', 0),
	(54, 'Bigolis Teatre', 'http://www.winzerhof-wurst.at/ufo/images/54.jpg', NULL, 10, 67, 'BigolisTeatre@gmx.de', 0),
	(55, 'Ola Muchin', 'http://www.winzerhof-wurst.at/ufo/images/55.jpg', 'https://youtube.com/watch?v=exdv6gj2g', 10, 176, 'OlaMuchin@gmail.com', 0),
	(56, 'Bence Sarkadi Theater of Marionettes', 'http://www.winzerhof-wurst.at/ufo/images/56.jpg', 'https://youtube.com/watch?v=vmbfx4ixv', 10, 99, 'BenceSarkadiTheaterofMarionettes@gmail.com', 0),
	(57, 'Dr. Bubbles & die Seifenblansenbande', 'http://www.winzerhof-wurst.at/ufo/images/57.jpg', 'https://youtube.com/watch?v=bn38l29t0', 11, 56, 'DrBubbles&dieSeifenblansenbande@gmail.com', 0),
	(58, 'Puppenbühne Burattino-Koffertheater', 'http://www.winzerhof-wurst.at/ufo/images/58.jpg', 'https://youtube.com/watch?v=dkhglbh8i', 11, 56, 'PuppenbühneBurattino-Koffertheater@gmail.com', 0),
	(59, 'Kleines Grusel Gewusel', 'http://www.winzerhof-wurst.at/ufo/images/59.jpg', 'https://youtube.com/watch?v=jugfhx10p', 11, 13, 'KleinesGruselGewusel@gmail.com', 0),
	(60, 'Lucy Lou', 'http://www.winzerhof-wurst.at/ufo/images/60.jpg', NULL, 11, 56, 'LucyLou@gmail.com', 0);
/*!40000 ALTER TABLE `artist` ENABLE KEYS */;

-- Exportiere Daten aus Tabelle ufo.category: ~11 rows (ungefähr)
/*!40000 ALTER TABLE `category` DISABLE KEYS */;
INSERT INTO `category` (`id`, `description`) VALUES
	(1, 'Straßentheater'),
	(2, 'Local Art'),
	(3, 'Comedy & Jonglage'),
	(4, 'Akrobatik & Tanz'),
	(5, 'Luftakrobatik'),
	(6, 'Clownerie & Pantomime'),
	(7, 'Walkact, Stelzen, Stehstill'),
	(8, 'Musik, Samba, Precussion'),
	(9, 'Feuerperformances'),
	(10, 'Figuren- und Objekttheater'),
	(11, 'Kinderprogramm');
/*!40000 ALTER TABLE `category` ENABLE KEYS */;

-- Exportiere Daten aus Tabelle ufo.country: ~243 rows (ungefähr)
/*!40000 ALTER TABLE `country` DISABLE KEYS */;
INSERT INTO `country` (`id`, `name`) VALUES
	(1, 'Andorra'),
	(2, 'Vereinigte Arabische Emirate'),
	(3, 'Afghanistan'),
	(4, 'Antigua und Barbuda'),
	(5, 'Anguilla'),
	(6, 'Albanien'),
	(7, 'Armenien'),
	(8, 'Niederländische Antillen'),
	(9, 'Angola'),
	(10, 'Antarktis'),
	(11, 'Argentinien'),
	(12, 'Amerikanisch-Samoa'),
	(13, 'Österreich'),
	(14, 'Australien'),
	(15, 'Aruba'),
	(16, 'Åland'),
	(17, 'Aserbaidschan'),
	(18, 'Bosnien und Herzegowina'),
	(19, 'Barbados'),
	(20, 'Bangladesch'),
	(21, 'Belgien'),
	(22, 'Burkina Faso'),
	(23, 'Bulgarien'),
	(24, 'Bahrain'),
	(25, 'Burundi'),
	(26, 'Benin'),
	(27, 'Bermuda'),
	(28, 'Brunei Darussalam'),
	(29, 'Bolivien'),
	(30, 'Brasilien'),
	(31, 'Bahamas'),
	(32, 'Bhutan'),
	(33, 'Bouvetinsel'),
	(34, 'Botswana'),
	(35, 'Belarus (Weißrussland)'),
	(36, 'Belize'),
	(37, 'Kanada'),
	(38, 'Kokosinseln (Keelinginseln)'),
	(39, 'Kongo'),
	(40, 'Zentralafrikanische Republik'),
	(41, 'Republik Kongo'),
	(42, 'Schweiz'),
	(43, 'Elfenbeinküste'),
	(44, 'Cookinseln'),
	(45, 'Chile'),
	(46, 'Kamerun'),
	(47, 'China, Volksrepublik'),
	(48, 'Kolumbien'),
	(49, 'Costa Rica'),
	(50, 'Serbien und Montenegro'),
	(51, 'Kuba'),
	(52, 'Kap Verde'),
	(53, 'Weihnachtsinsel'),
	(54, 'Zypern'),
	(55, 'Tschechische Republik'),
	(56, 'Deutschland'),
	(57, 'Dschibuti'),
	(58, 'Dänemark'),
	(59, 'Dominica'),
	(60, 'Dominikanische Republik'),
	(61, 'Algerien'),
	(62, 'Ecuador'),
	(63, 'Estland (Reval)'),
	(64, 'Ägypten'),
	(65, 'Westsahara'),
	(66, 'Eritrea'),
	(67, 'Spanien'),
	(68, 'Äthiopien'),
	(69, 'Finnland'),
	(70, 'Fidschi'),
	(71, 'Falklandinseln (Malwinen)'),
	(72, 'Mikronesien'),
	(73, 'Färöer'),
	(74, 'Frankreich'),
	(75, 'Gabun'),
	(76, 'Großbritannien und Nordirland'),
	(77, 'Grenada'),
	(78, 'Georgien'),
	(79, 'Französisch-Guayana'),
	(80, 'Guernsey (Kanalinsel)'),
	(81, 'Ghana'),
	(82, 'Gibraltar'),
	(83, 'Grönland'),
	(84, 'Gambia'),
	(85, 'Guinea'),
	(86, 'Guadeloupe'),
	(87, 'Äquatorialguinea'),
	(88, 'Griechenland'),
	(89, 'Südgeorgien und die Südl. Sandwichinseln'),
	(90, 'Guatemala'),
	(91, 'Guam'),
	(92, 'Guinea-Bissau'),
	(93, 'Guyana'),
	(94, 'Hongkong'),
	(95, 'Heard- und McDonald-Inseln'),
	(96, 'Honduras'),
	(97, 'Kroatien'),
	(98, 'Haiti'),
	(99, 'Ungarn'),
	(100, 'Indonesien'),
	(101, 'Irland'),
	(102, 'Israel'),
	(103, 'Insel Man'),
	(104, 'Indien'),
	(105, 'Britisches Territorium im Indischen Ozean'),
	(106, 'Irak'),
	(107, 'Iran'),
	(108, 'Island'),
	(109, 'Italien'),
	(110, 'Jersey (Kanalinsel)'),
	(111, 'Jamaika'),
	(112, 'Jordanien'),
	(113, 'Japan'),
	(114, 'Kenia'),
	(115, 'Kirgisistan'),
	(116, 'Kambodscha'),
	(117, 'Kiribati'),
	(118, 'Komoren'),
	(119, 'St. Kitts und Nevis'),
	(120, 'Nordkorea'),
	(121, 'Südkorea'),
	(122, 'Kuwait'),
	(123, 'Kaimaninseln'),
	(124, 'Kasachstan'),
	(125, 'Laos'),
	(126, 'Libanon'),
	(127, 'St. Lucia'),
	(128, 'Liechtenstein'),
	(129, 'Sri Lanka'),
	(130, 'Liberia'),
	(131, 'Lesotho'),
	(132, 'Litauen'),
	(133, 'Luxemburg'),
	(134, 'Lettland'),
	(135, 'Libyen'),
	(136, 'Marokko'),
	(137, 'Monaco'),
	(138, 'Moldawien'),
	(139, 'Madagaskar'),
	(140, 'Marshallinseln'),
	(141, 'Mazedonien'),
	(142, 'Mali'),
	(143, 'Myanmar (Burma)'),
	(144, 'Mongolei'),
	(145, 'Macao'),
	(146, 'Nördliche Marianen'),
	(147, 'Martinique'),
	(148, 'Mauretanien'),
	(149, 'Montserrat'),
	(150, 'Malta'),
	(151, 'Mauritius'),
	(152, 'Malediven'),
	(153, 'Malawi'),
	(154, 'Mexiko'),
	(155, 'Malaysia'),
	(156, 'Mosambik'),
	(157, 'Namibia'),
	(158, 'Neukaledonien'),
	(159, 'Niger'),
	(160, 'Norfolkinsel'),
	(161, 'Nigeria'),
	(162, 'Nicaragua'),
	(163, 'Niederlande'),
	(164, 'Norwegen'),
	(165, 'Nepal'),
	(166, 'Nauru'),
	(167, 'Niue'),
	(168, 'Neuseeland'),
	(169, 'Oman'),
	(170, 'Panama'),
	(171, 'Peru'),
	(172, 'Französisch-Polynesien'),
	(173, 'Papua-Neuguinea'),
	(174, 'Philippinen'),
	(175, 'Pakistan'),
	(176, 'Polen'),
	(177, 'St. Pierre und Miquelon'),
	(178, 'Pitcairninseln'),
	(179, 'Puerto Rico'),
	(180, 'Palästinensische Autonomiegebiete'),
	(181, 'Portugal'),
	(182, 'Palau'),
	(183, 'Paraguay'),
	(184, 'Katar'),
	(185, 'Réunion'),
	(186, 'Rumänien'),
	(187, 'Russische Föderation'),
	(188, 'Ruanda'),
	(189, 'Saudi-Arabien'),
	(190, 'Salomonen'),
	(191, 'Seychellen'),
	(192, 'Sudan'),
	(193, 'Schweden'),
	(194, 'Singapur'),
	(195, 'St. Helena'),
	(196, 'Slowenien'),
	(197, 'Svalbard und Jan Mayen'),
	(198, 'Slowakei'),
	(199, 'Sierra Leone'),
	(200, 'San Marino'),
	(201, 'Senegal'),
	(202, 'Somalia'),
	(203, 'Suriname'),
	(204, 'São Tomé und Príncipe'),
	(205, 'El Salvador'),
	(206, 'Syrien'),
	(207, 'Swasiland'),
	(208, 'Turks- und Caicosinseln'),
	(209, 'Tschad'),
	(210, 'Französische Süd- und Antarktisgebiete'),
	(211, 'Togo'),
	(212, 'Thailand'),
	(213, 'Tadschikistan'),
	(214, 'Tokelau'),
	(215, 'Timor-Leste'),
	(216, 'Turkmenistan'),
	(217, 'Tunesien'),
	(218, 'Tonga'),
	(219, 'Türkei'),
	(220, 'Trinidad und Tobago'),
	(221, 'Tuvalu'),
	(222, 'Taiwan'),
	(223, 'Tansania'),
	(224, 'Ukraine'),
	(225, 'Uganda'),
	(226, 'Amerikanisch-Ozeanien'),
	(227, 'Vereinigte Staaten von Amerika'),
	(228, 'Uruguay'),
	(229, 'Usbekistan'),
	(230, 'Vatikanstadt'),
	(231, 'St. Vincent und die Grenadinen'),
	(232, 'Venezuela'),
	(233, 'Britische Jungferninseln'),
	(234, 'Amerikanische Jungferninseln'),
	(235, 'Vietnam'),
	(236, 'Vanuatu'),
	(237, 'Wallis und Futuna'),
	(238, 'Samoa'),
	(239, 'Jemen'),
	(240, 'Mayotte'),
	(241, 'Südafrika'),
	(242, 'Sambia'),
	(243, 'Simbabwe');
/*!40000 ALTER TABLE `country` ENABLE KEYS */;

-- Exportiere Daten aus Tabelle ufo.performance: ~1 260 rows (ungefähr)
/*!40000 ALTER TABLE `performance` DISABLE KEYS */;
INSERT INTO `performance` (`id`, `artist_id`, `venue_id`, `spectacleday_timeslot_id`) VALUES
	(1, 1, 2, 1),
	(2, 2, 3, 1),
	(3, 3, 4, 1),
	(4, 4, 5, 1),
	(5, 5, 6, 1),
	(6, 6, 8, 1),
	(7, 7, 9, 1),
	(8, 8, 10, 1),
	(9, 9, 11, 1),
	(10, 10, 12, 1),
	(11, 11, 13, 1),
	(12, 12, 14, 1),
	(13, 13, 15, 1),
	(14, 14, 17, 1),
	(15, 15, 18, 1),
	(16, 16, 19, 1),
	(17, 17, 21, 1),
	(18, 18, 22, 1),
	(19, 19, 23, 1),
	(20, 20, 24, 1),
	(21, 21, 26, 1),
	(22, 22, 29, 1),
	(23, 23, 30, 1),
	(24, 24, 31, 1),
	(25, 25, 32, 1),
	(26, 26, 33, 1),
	(27, 27, 34, 1),
	(28, 28, 35, 1),
	(29, 29, 36, 1),
	(30, 30, 37, 1),
	(32, 32, 2, 2),
	(33, 33, 3, 2),
	(34, 34, 4, 2),
	(35, 35, 5, 2),
	(36, 36, 6, 2),
	(37, 37, 8, 2),
	(38, 38, 9, 2),
	(39, 39, 10, 2),
	(40, 40, 11, 2),
	(41, 41, 12, 2),
	(42, 42, 14, 2),
	(43, 43, 15, 2),
	(44, 44, 16, 2),
	(45, 45, 17, 2),
	(46, 46, 18, 2),
	(47, 47, 20, 2),
	(48, 48, 21, 2),
	(49, 49, 22, 2),
	(50, 50, 23, 2),
	(51, 51, 25, 2),
	(52, 52, 26, 2),
	(53, 53, 28, 2),
	(54, 54, 31, 2),
	(55, 55, 33, 2),
	(56, 56, 34, 2),
	(57, 57, 35, 2),
	(58, 58, 36, 2),
	(59, 59, 37, 2),
	(60, 60, 38, 2),
	(62, 2, 2, 3),
	(63, 3, 3, 3),
	(64, 4, 4, 3),
	(65, 5, 5, 3),
	(66, 6, 6, 3),
	(67, 7, 8, 3),
	(68, 8, 9, 3),
	(69, 9, 10, 3),
	(70, 10, 11, 3),
	(71, 11, 12, 3),
	(72, 12, 14, 3),
	(73, 13, 15, 3),
	(74, 14, 16, 3),
	(75, 15, 17, 3),
	(76, 16, 18, 3),
	(77, 17, 20, 3),
	(78, 18, 21, 3),
	(79, 19, 22, 3),
	(80, 20, 23, 3),
	(81, 21, 25, 3),
	(82, 22, 26, 3),
	(83, 23, 28, 3),
	(84, 24, 31, 3),
	(85, 25, 33, 3),
	(86, 26, 34, 3),
	(87, 27, 35, 3),
	(88, 28, 36, 3),
	(89, 29, 37, 3),
	(90, 30, 38, 3),
	(91, 31, 1, 4),
	(92, 32, 2, 4),
	(93, 33, 3, 4),
	(94, 34, 4, 4),
	(95, 35, 5, 4),
	(96, 36, 6, 4),
	(97, 37, 8, 4),
	(98, 38, 9, 4),
	(99, 39, 10, 4),
	(100, 40, 11, 4),
	(101, 41, 12, 4),
	(102, 42, 14, 4),
	(103, 43, 15, 4),
	(104, 44, 16, 4),
	(105, 45, 17, 4),
	(106, 46, 18, 4),
	(107, 47, 20, 4),
	(108, 48, 21, 4),
	(109, 49, 22, 4),
	(110, 50, 23, 4),
	(111, 51, 25, 4),
	(112, 52, 26, 4),
	(113, 53, 28, 4),
	(114, 54, 31, 4),
	(115, 55, 33, 4),
	(116, 56, 34, 4),
	(117, 57, 35, 4),
	(118, 58, 36, 4),
	(119, 59, 37, 4),
	(120, 60, 38, 4),
	(121, 1, 1, 5),
	(122, 2, 2, 5),
	(123, 3, 3, 5),
	(124, 4, 4, 5),
	(125, 5, 5, 5),
	(126, 6, 6, 5),
	(127, 7, 8, 5),
	(128, 8, 9, 5),
	(129, 9, 10, 5),
	(130, 10, 11, 5),
	(131, 11, 12, 5),
	(132, 12, 14, 5),
	(133, 13, 15, 5),
	(134, 14, 16, 5),
	(135, 15, 17, 5),
	(136, 16, 18, 5),
	(137, 17, 20, 5),
	(138, 18, 21, 5),
	(139, 19, 22, 5),
	(140, 20, 23, 5),
	(141, 21, 25, 5),
	(142, 22, 26, 5),
	(143, 23, 28, 5),
	(144, 24, 31, 5),
	(145, 25, 33, 5),
	(146, 26, 34, 5),
	(147, 27, 35, 5),
	(148, 28, 36, 5),
	(149, 29, 37, 5),
	(150, 30, 38, 5),
	(151, 31, 1, 6),
	(152, 32, 2, 6),
	(153, 33, 3, 6),
	(154, 34, 4, 6),
	(155, 35, 5, 6),
	(156, 36, 6, 6),
	(157, 37, 8, 6),
	(158, 38, 9, 6),
	(159, 39, 10, 6),
	(160, 40, 11, 6),
	(161, 41, 12, 6),
	(162, 42, 14, 6),
	(163, 43, 15, 6),
	(164, 44, 16, 6),
	(165, 45, 17, 6),
	(166, 46, 18, 6),
	(167, 47, 20, 6),
	(168, 48, 21, 6),
	(169, 49, 22, 6),
	(170, 50, 23, 6),
	(171, 51, 25, 6),
	(172, 52, 26, 6),
	(173, 53, 28, 6),
	(174, 54, 31, 6),
	(175, 55, 33, 6),
	(176, 56, 34, 6),
	(177, 57, 35, 6),
	(178, 58, 36, 6),
	(179, 59, 37, 6),
	(180, 60, 38, 6),
	(181, 1, 1, 7),
	(182, 2, 2, 7),
	(183, 3, 3, 7),
	(184, 4, 4, 7),
	(185, 5, 5, 7),
	(186, 6, 6, 7),
	(187, 7, 8, 7),
	(188, 8, 9, 7),
	(189, 9, 10, 7),
	(190, 10, 11, 7),
	(191, 11, 12, 7),
	(192, 12, 14, 7),
	(193, 13, 15, 7),
	(194, 14, 16, 7),
	(195, 15, 17, 7),
	(196, 16, 18, 7),
	(197, 17, 20, 7),
	(198, 18, 21, 7),
	(199, 19, 22, 7),
	(200, 20, 23, 7),
	(201, 21, 25, 7),
	(202, 22, 26, 7),
	(203, 23, 28, 7),
	(204, 24, 31, 7),
	(205, 25, 33, 7),
	(206, 26, 34, 7),
	(207, 27, 35, 7),
	(208, 28, 36, 7),
	(209, 29, 37, 7),
	(210, 30, 38, 7),
	(211, 31, 1, 8),
	(212, 32, 2, 8),
	(213, 33, 3, 8),
	(214, 34, 4, 8),
	(215, 35, 5, 8),
	(216, 36, 6, 8),
	(217, 37, 8, 8),
	(218, 38, 9, 8),
	(219, 39, 10, 8),
	(220, 40, 11, 8),
	(221, 41, 12, 8),
	(222, 42, 14, 8),
	(223, 43, 15, 8),
	(224, 44, 16, 8),
	(225, 45, 17, 8),
	(226, 46, 18, 8),
	(227, 47, 20, 8),
	(228, 48, 21, 8),
	(229, 49, 22, 8),
	(230, 50, 23, 8),
	(231, 51, 25, 8),
	(232, 52, 26, 8),
	(233, 53, 28, 8),
	(234, 54, 31, 8),
	(235, 55, 33, 8),
	(236, 56, 34, 8),
	(237, 57, 35, 8),
	(238, 58, 36, 8),
	(239, 59, 37, 8),
	(240, 60, 38, 8),
	(241, 1, 1, 9),
	(242, 2, 2, 9),
	(243, 3, 3, 9),
	(244, 4, 4, 9),
	(245, 5, 5, 9),
	(246, 6, 6, 9),
	(247, 7, 8, 9),
	(248, 8, 9, 9),
	(249, 9, 10, 9),
	(250, 10, 11, 9),
	(251, 11, 12, 9),
	(252, 12, 14, 9),
	(253, 13, 15, 9),
	(254, 14, 16, 9),
	(255, 15, 17, 9),
	(256, 16, 18, 9),
	(257, 17, 20, 9),
	(258, 18, 21, 9),
	(259, 19, 22, 9),
	(260, 20, 23, 9),
	(261, 21, 25, 9),
	(262, 22, 26, 9),
	(263, 23, 28, 9),
	(264, 24, 31, 9),
	(265, 25, 33, 9),
	(266, 26, 34, 9),
	(267, 27, 35, 9),
	(268, 28, 36, 9),
	(269, 29, 37, 9),
	(270, 30, 38, 9),
	(271, 31, 1, 10),
	(272, 32, 2, 10),
	(273, 33, 3, 10),
	(274, 34, 4, 10),
	(275, 35, 5, 10),
	(276, 36, 6, 10),
	(277, 37, 8, 10),
	(278, 38, 9, 10),
	(279, 39, 10, 10),
	(280, 40, 11, 10),
	(281, 41, 12, 10),
	(282, 42, 14, 10),
	(283, 43, 15, 10),
	(284, 44, 16, 10),
	(285, 45, 17, 10),
	(286, 46, 18, 10),
	(287, 47, 20, 10),
	(288, 48, 21, 10),
	(289, 49, 22, 10),
	(290, 50, 23, 10),
	(291, 51, 25, 10),
	(292, 52, 26, 10),
	(293, 53, 28, 10),
	(294, 54, 31, 10),
	(295, 55, 33, 10),
	(296, 56, 34, 10),
	(297, 57, 35, 10),
	(298, 58, 36, 10),
	(299, 59, 37, 10),
	(300, 60, 38, 10),
	(301, 1, 1, 11),
	(302, 2, 2, 11),
	(303, 3, 3, 11),
	(304, 4, 4, 11),
	(305, 5, 5, 11),
	(306, 6, 6, 11),
	(307, 7, 8, 11),
	(308, 8, 9, 11),
	(309, 9, 10, 11),
	(310, 10, 11, 11),
	(311, 11, 12, 11),
	(312, 12, 14, 11),
	(313, 13, 15, 11),
	(314, 14, 16, 11),
	(315, 15, 17, 11),
	(316, 16, 18, 11),
	(317, 17, 20, 11),
	(318, 18, 21, 11),
	(319, 19, 22, 11),
	(320, 20, 23, 11),
	(321, 21, 25, 11),
	(322, 22, 26, 11),
	(323, 23, 28, 11),
	(324, 24, 31, 11),
	(325, 25, 33, 11),
	(326, 26, 34, 11),
	(327, 27, 35, 11),
	(328, 28, 36, 11),
	(329, 29, 37, 11),
	(330, 30, 38, 11),
	(331, 31, 1, 12),
	(332, 32, 2, 12),
	(333, 33, 3, 12),
	(334, 34, 4, 12),
	(335, 35, 5, 12),
	(336, 36, 6, 12),
	(337, 37, 8, 12),
	(338, 38, 9, 12),
	(339, 39, 10, 12),
	(340, 40, 11, 12),
	(341, 41, 12, 12),
	(342, 42, 14, 12),
	(343, 43, 15, 12),
	(344, 44, 16, 12),
	(345, 45, 17, 12),
	(346, 46, 18, 12),
	(347, 47, 20, 12),
	(348, 48, 21, 12),
	(349, 49, 22, 12),
	(350, 50, 23, 12),
	(351, 51, 25, 12),
	(352, 52, 26, 12),
	(353, 53, 28, 12),
	(354, 54, 31, 12),
	(355, 55, 33, 12),
	(356, 56, 34, 12),
	(357, 57, 35, 12),
	(358, 58, 36, 12),
	(359, 59, 37, 12),
	(360, 60, 38, 12),
	(361, 1, 1, 13),
	(362, 2, 2, 13),
	(363, 3, 3, 13),
	(364, 4, 4, 13),
	(365, 5, 5, 13),
	(366, 6, 6, 13),
	(367, 7, 8, 13),
	(368, 8, 9, 13),
	(369, 9, 10, 13),
	(370, 10, 11, 13),
	(371, 11, 12, 13),
	(372, 12, 14, 13),
	(373, 13, 15, 13),
	(374, 14, 16, 13),
	(375, 15, 17, 13),
	(376, 16, 18, 13),
	(377, 17, 20, 13),
	(378, 18, 21, 13),
	(379, 19, 22, 13),
	(380, 20, 23, 13),
	(381, 21, 25, 13),
	(382, 22, 26, 13),
	(383, 23, 28, 13),
	(384, 24, 31, 13),
	(385, 25, 33, 13),
	(386, 26, 34, 13),
	(387, 27, 35, 13),
	(388, 28, 36, 13),
	(389, 29, 37, 13),
	(390, 30, 38, 13),
	(391, 31, 1, 14),
	(392, 32, 2, 14),
	(393, 33, 3, 14),
	(394, 34, 4, 14),
	(395, 35, 5, 14),
	(396, 36, 6, 14),
	(397, 37, 8, 14),
	(398, 38, 9, 14),
	(399, 39, 10, 14),
	(400, 40, 11, 14),
	(401, 41, 12, 14),
	(402, 42, 14, 14),
	(403, 43, 15, 14),
	(404, 44, 16, 14),
	(405, 45, 17, 14),
	(406, 46, 18, 14),
	(407, 47, 20, 14),
	(408, 48, 21, 14),
	(409, 49, 22, 14),
	(410, 50, 23, 14),
	(411, 51, 25, 14),
	(412, 52, 26, 14),
	(413, 53, 28, 14),
	(414, 54, 31, 14),
	(415, 55, 33, 14),
	(416, 56, 34, 14),
	(417, 57, 35, 14),
	(418, 58, 36, 14),
	(419, 59, 37, 14),
	(420, 60, 38, 14),
	(421, 1, 1, 15),
	(422, 2, 2, 15),
	(423, 3, 3, 15),
	(424, 4, 4, 15),
	(425, 5, 5, 15),
	(426, 6, 6, 15),
	(427, 7, 8, 15),
	(428, 8, 9, 15),
	(429, 9, 10, 15),
	(430, 10, 11, 15),
	(431, 11, 12, 15),
	(432, 12, 14, 15),
	(433, 13, 15, 15),
	(434, 14, 16, 15),
	(435, 15, 17, 15),
	(436, 16, 18, 15),
	(437, 17, 20, 15),
	(438, 18, 21, 15),
	(439, 19, 22, 15),
	(440, 20, 23, 15),
	(441, 21, 25, 15),
	(442, 22, 26, 15),
	(443, 23, 28, 15),
	(444, 24, 31, 15),
	(445, 25, 33, 15),
	(446, 26, 34, 15),
	(447, 27, 35, 15),
	(448, 28, 36, 15),
	(449, 29, 37, 15),
	(450, 30, 38, 15),
	(451, 31, 1, 16),
	(452, 32, 2, 16),
	(453, 33, 3, 16),
	(454, 34, 4, 16),
	(455, 35, 5, 16),
	(456, 36, 6, 16),
	(457, 37, 8, 16),
	(458, 38, 9, 16),
	(459, 39, 10, 16),
	(460, 40, 11, 16),
	(461, 41, 12, 16),
	(462, 42, 14, 16),
	(463, 43, 15, 16),
	(464, 44, 16, 16),
	(465, 45, 17, 16),
	(466, 46, 18, 16),
	(467, 47, 20, 16),
	(468, 48, 21, 16),
	(469, 49, 22, 16),
	(470, 50, 23, 16),
	(471, 51, 25, 16),
	(472, 52, 26, 16),
	(473, 53, 28, 16),
	(474, 54, 31, 16),
	(475, 55, 33, 16),
	(476, 56, 34, 16),
	(477, 57, 35, 16),
	(478, 58, 36, 16),
	(479, 59, 37, 16),
	(480, 60, 38, 16),
	(481, 1, 1, 17),
	(482, 2, 2, 17),
	(483, 3, 3, 17),
	(484, 4, 4, 17),
	(485, 5, 5, 17),
	(486, 6, 6, 17),
	(487, 7, 8, 17),
	(488, 8, 9, 17),
	(489, 9, 10, 17),
	(490, 10, 11, 17),
	(491, 11, 12, 17),
	(492, 12, 14, 17),
	(493, 13, 15, 17),
	(494, 14, 16, 17),
	(495, 15, 17, 17),
	(496, 16, 18, 17),
	(497, 17, 20, 17),
	(498, 18, 21, 17),
	(499, 19, 22, 17),
	(500, 20, 23, 17),
	(501, 21, 25, 17),
	(502, 22, 26, 17),
	(503, 23, 28, 17),
	(504, 24, 31, 17),
	(505, 25, 33, 17),
	(506, 26, 34, 17),
	(507, 27, 35, 17),
	(508, 28, 36, 17),
	(509, 29, 37, 17),
	(510, 30, 38, 17),
	(511, 31, 1, 18),
	(512, 32, 2, 18),
	(513, 33, 3, 18),
	(514, 34, 4, 18),
	(515, 35, 5, 18),
	(516, 36, 6, 18),
	(517, 37, 8, 18),
	(518, 38, 9, 18),
	(519, 39, 10, 18),
	(520, 40, 11, 18),
	(521, 41, 12, 18),
	(522, 42, 14, 18),
	(523, 43, 15, 18),
	(524, 44, 16, 18),
	(525, 45, 17, 18),
	(526, 46, 18, 18),
	(527, 47, 20, 18),
	(528, 48, 21, 18),
	(529, 49, 22, 18),
	(530, 50, 23, 18),
	(531, 51, 25, 18),
	(532, 52, 26, 18),
	(533, 53, 28, 18),
	(534, 54, 31, 18),
	(535, 55, 33, 18),
	(536, 56, 34, 18),
	(537, 57, 35, 18),
	(538, 58, 36, 18),
	(539, 59, 37, 18),
	(540, 60, 38, 18),
	(541, 1, 1, 19),
	(542, 2, 2, 19),
	(543, 3, 3, 19),
	(544, 4, 4, 19),
	(545, 5, 5, 19),
	(546, 6, 6, 19),
	(547, 7, 8, 19),
	(548, 8, 9, 19),
	(549, 9, 10, 19),
	(550, 10, 11, 19),
	(551, 11, 12, 19),
	(552, 12, 14, 19),
	(553, 13, 15, 19),
	(554, 14, 16, 19),
	(555, 15, 17, 19),
	(556, 16, 18, 19),
	(557, 17, 20, 19),
	(558, 18, 21, 19),
	(559, 19, 22, 19),
	(560, 20, 23, 19),
	(561, 21, 25, 19),
	(562, 22, 26, 19),
	(563, 23, 28, 19),
	(564, 24, 31, 19),
	(565, 25, 33, 19),
	(566, 26, 34, 19),
	(567, 27, 35, 19),
	(568, 28, 36, 19),
	(569, 29, 37, 19),
	(570, 30, 38, 19),
	(571, 31, 1, 20),
	(572, 32, 2, 20),
	(573, 33, 3, 20),
	(574, 34, 4, 20),
	(575, 35, 5, 20),
	(576, 36, 6, 20),
	(577, 37, 8, 20),
	(578, 38, 9, 20),
	(579, 39, 10, 20),
	(580, 40, 11, 20),
	(581, 41, 12, 20),
	(582, 42, 14, 20),
	(583, 43, 15, 20),
	(584, 44, 16, 20),
	(585, 45, 17, 20),
	(586, 46, 18, 20),
	(587, 47, 20, 20),
	(588, 48, 21, 20),
	(589, 49, 22, 20),
	(590, 50, 23, 20),
	(591, 51, 25, 20),
	(592, 52, 26, 20),
	(593, 53, 28, 20),
	(594, 54, 31, 20),
	(595, 55, 33, 20),
	(596, 56, 34, 20),
	(597, 57, 35, 20),
	(598, 58, 36, 20),
	(599, 59, 37, 20),
	(600, 60, 38, 20),
	(601, 1, 1, 21),
	(602, 2, 2, 21),
	(603, 3, 3, 21),
	(604, 4, 4, 21),
	(605, 5, 5, 21),
	(606, 6, 6, 21),
	(607, 7, 8, 21),
	(608, 8, 9, 21),
	(609, 9, 10, 21),
	(610, 10, 11, 21),
	(611, 11, 12, 21),
	(612, 12, 14, 21),
	(613, 13, 15, 21),
	(614, 14, 16, 21),
	(615, 15, 17, 21),
	(616, 16, 18, 21),
	(617, 17, 20, 21),
	(618, 18, 21, 21),
	(619, 19, 22, 21),
	(620, 20, 23, 21),
	(621, 21, 25, 21),
	(622, 22, 26, 21),
	(623, 23, 28, 21),
	(624, 24, 31, 21),
	(625, 25, 33, 21),
	(626, 26, 34, 21),
	(627, 27, 35, 21),
	(628, 28, 36, 21),
	(629, 29, 37, 21),
	(630, 30, 38, 21),
	(631, 31, 1, 22),
	(632, 32, 2, 22),
	(633, 33, 3, 22),
	(634, 34, 4, 22),
	(635, 35, 5, 22),
	(636, 36, 6, 22),
	(637, 37, 8, 22),
	(638, 38, 9, 22),
	(639, 39, 10, 22),
	(640, 40, 11, 22),
	(641, 41, 12, 22),
	(642, 42, 14, 22),
	(643, 43, 15, 22),
	(644, 44, 16, 22),
	(645, 45, 17, 22),
	(646, 46, 18, 22),
	(647, 47, 20, 22),
	(648, 48, 21, 22),
	(649, 49, 22, 22),
	(650, 50, 23, 22),
	(651, 51, 25, 22),
	(652, 52, 26, 22),
	(653, 53, 28, 22),
	(654, 54, 31, 22),
	(655, 55, 33, 22),
	(656, 56, 34, 22),
	(657, 57, 35, 22),
	(658, 58, 36, 22),
	(659, 59, 37, 22),
	(660, 60, 38, 22),
	(661, 1, 1, 23),
	(662, 2, 2, 23),
	(663, 3, 3, 23),
	(664, 4, 4, 23),
	(665, 5, 5, 23),
	(666, 6, 6, 23),
	(667, 7, 8, 23),
	(668, 8, 9, 23),
	(669, 9, 10, 23),
	(670, 10, 11, 23),
	(671, 11, 12, 23),
	(672, 12, 14, 23),
	(673, 13, 15, 23),
	(674, 14, 16, 23),
	(675, 15, 17, 23),
	(676, 16, 18, 23),
	(677, 17, 20, 23),
	(678, 18, 21, 23),
	(679, 19, 22, 23),
	(680, 20, 23, 23),
	(681, 21, 25, 23),
	(682, 22, 26, 23),
	(683, 23, 28, 23),
	(684, 24, 31, 23),
	(685, 25, 33, 23),
	(686, 26, 34, 23),
	(687, 27, 35, 23),
	(688, 28, 36, 23),
	(689, 29, 37, 23),
	(690, 30, 38, 23),
	(691, 31, 1, 24),
	(692, 32, 2, 24),
	(693, 33, 3, 24),
	(694, 34, 4, 24),
	(695, 35, 5, 24),
	(696, 36, 6, 24),
	(697, 37, 8, 24),
	(698, 38, 9, 24),
	(699, 39, 10, 24),
	(700, 40, 11, 24),
	(701, 41, 12, 24),
	(702, 42, 14, 24),
	(703, 43, 15, 24),
	(704, 44, 16, 24),
	(705, 45, 17, 24),
	(706, 46, 18, 24),
	(707, 47, 20, 24),
	(708, 48, 21, 24),
	(709, 49, 22, 24),
	(710, 50, 23, 24),
	(711, 51, 25, 24),
	(712, 52, 26, 24),
	(713, 53, 28, 24),
	(714, 54, 31, 24),
	(715, 55, 33, 24),
	(716, 56, 34, 24),
	(717, 57, 35, 24),
	(718, 58, 36, 24),
	(719, 59, 37, 24),
	(720, 60, 38, 24),
	(721, 1, 1, 25),
	(722, 2, 2, 25),
	(723, 3, 3, 25),
	(724, 4, 4, 25),
	(725, 5, 5, 25),
	(726, 6, 6, 25),
	(727, 7, 8, 25),
	(728, 8, 9, 25),
	(729, 9, 10, 25),
	(730, 10, 11, 25),
	(731, 11, 12, 25),
	(732, 12, 14, 25),
	(733, 13, 15, 25),
	(734, 14, 16, 25),
	(735, 15, 17, 25),
	(736, 16, 18, 25),
	(737, 17, 20, 25),
	(738, 18, 21, 25),
	(739, 19, 22, 25),
	(740, 20, 23, 25),
	(741, 21, 25, 25),
	(742, 22, 26, 25),
	(743, 23, 28, 25),
	(744, 24, 31, 25),
	(745, 25, 33, 25),
	(746, 26, 34, 25),
	(747, 27, 35, 25),
	(748, 28, 36, 25),
	(749, 29, 37, 25),
	(750, 30, 38, 25),
	(751, 31, 1, 26),
	(752, 32, 2, 26),
	(753, 33, 3, 26),
	(754, 34, 4, 26),
	(755, 35, 5, 26),
	(756, 36, 6, 26),
	(757, 37, 8, 26),
	(758, 38, 9, 26),
	(759, 39, 10, 26),
	(760, 40, 11, 26),
	(761, 41, 12, 26),
	(762, 42, 14, 26),
	(763, 43, 15, 26),
	(764, 44, 16, 26),
	(765, 45, 17, 26),
	(766, 46, 18, 26),
	(767, 47, 20, 26),
	(768, 48, 21, 26),
	(769, 49, 22, 26),
	(770, 50, 23, 26),
	(771, 51, 25, 26),
	(772, 52, 26, 26),
	(773, 53, 28, 26),
	(774, 54, 31, 26),
	(775, 55, 33, 26),
	(776, 56, 34, 26),
	(777, 57, 35, 26),
	(778, 58, 36, 26),
	(779, 59, 37, 26),
	(780, 60, 38, 26),
	(781, 1, 1, 27),
	(782, 2, 2, 27),
	(783, 3, 3, 27),
	(784, 4, 4, 27),
	(785, 5, 5, 27),
	(786, 6, 6, 27),
	(787, 7, 8, 27),
	(788, 8, 9, 27),
	(789, 9, 10, 27),
	(790, 10, 11, 27),
	(791, 11, 12, 27),
	(792, 12, 14, 27),
	(793, 13, 15, 27),
	(794, 14, 16, 27),
	(795, 15, 17, 27),
	(796, 16, 18, 27),
	(797, 17, 20, 27),
	(798, 18, 21, 27),
	(799, 19, 22, 27),
	(800, 20, 23, 27),
	(801, 21, 25, 27),
	(802, 22, 26, 27),
	(803, 23, 28, 27),
	(804, 24, 31, 27),
	(805, 25, 33, 27),
	(806, 26, 34, 27),
	(807, 27, 35, 27),
	(808, 28, 36, 27),
	(809, 29, 37, 27),
	(810, 30, 38, 27),
	(811, 31, 1, 28),
	(812, 32, 2, 28),
	(813, 33, 3, 28),
	(814, 34, 4, 28),
	(815, 35, 5, 28),
	(816, 36, 6, 28),
	(817, 37, 8, 28),
	(818, 38, 9, 28),
	(819, 39, 10, 28),
	(820, 40, 11, 28),
	(821, 41, 12, 28),
	(822, 42, 14, 28),
	(823, 43, 15, 28),
	(824, 44, 16, 28),
	(825, 45, 17, 28),
	(826, 46, 18, 28),
	(827, 47, 20, 28),
	(828, 48, 21, 28),
	(829, 49, 22, 28),
	(830, 50, 23, 28),
	(831, 51, 25, 28),
	(832, 52, 26, 28),
	(833, 53, 28, 28),
	(834, 54, 31, 28),
	(835, 55, 33, 28),
	(836, 56, 34, 28),
	(837, 57, 35, 28),
	(838, 58, 36, 28),
	(839, 59, 37, 28),
	(840, 60, 38, 28),
	(841, 1, 1, 29),
	(842, 2, 2, 29),
	(843, 3, 3, 29),
	(844, 4, 4, 29),
	(845, 5, 5, 29),
	(846, 6, 6, 29),
	(847, 7, 8, 29),
	(848, 8, 9, 29),
	(849, 9, 10, 29),
	(850, 10, 11, 29),
	(851, 11, 12, 29),
	(852, 12, 14, 29),
	(853, 13, 15, 29),
	(854, 14, 16, 29),
	(855, 15, 17, 29),
	(856, 16, 18, 29),
	(857, 17, 20, 29),
	(858, 18, 21, 29),
	(859, 19, 22, 29),
	(860, 20, 23, 29),
	(861, 21, 25, 29),
	(862, 22, 26, 29),
	(863, 23, 28, 29),
	(864, 24, 31, 29),
	(865, 25, 33, 29),
	(866, 26, 34, 29),
	(867, 27, 35, 29),
	(868, 28, 36, 29),
	(869, 29, 37, 29),
	(870, 30, 38, 29),
	(871, 31, 1, 30),
	(872, 32, 2, 30),
	(873, 33, 3, 30),
	(874, 34, 4, 30),
	(875, 35, 5, 30),
	(876, 36, 6, 30),
	(877, 37, 8, 30),
	(878, 38, 9, 30),
	(879, 39, 10, 30),
	(880, 40, 11, 30),
	(881, 41, 12, 30),
	(882, 42, 14, 30),
	(883, 43, 15, 30),
	(884, 44, 16, 30),
	(885, 45, 17, 30),
	(886, 46, 18, 30),
	(887, 47, 20, 30),
	(888, 48, 21, 30),
	(889, 49, 22, 30),
	(890, 50, 23, 30),
	(891, 51, 25, 30),
	(892, 52, 26, 30),
	(893, 53, 28, 30),
	(894, 54, 31, 30),
	(895, 55, 33, 30),
	(896, 56, 34, 30),
	(897, 57, 35, 30),
	(898, 58, 36, 30),
	(899, 59, 37, 30),
	(900, 60, 38, 30),
	(901, 1, 1, 31),
	(902, 2, 2, 31),
	(903, 3, 3, 31),
	(904, 4, 4, 31),
	(905, 5, 5, 31),
	(906, 6, 6, 31),
	(907, 7, 8, 31),
	(908, 8, 9, 31),
	(909, 9, 10, 31),
	(910, 10, 11, 31),
	(911, 11, 12, 31),
	(912, 12, 14, 31),
	(913, 13, 15, 31),
	(914, 14, 16, 31),
	(915, 15, 17, 31),
	(916, 16, 18, 31),
	(917, 17, 20, 31),
	(918, 18, 21, 31),
	(919, 19, 22, 31),
	(920, 20, 23, 31),
	(921, 21, 25, 31),
	(922, 22, 26, 31),
	(923, 23, 28, 31),
	(924, 24, 31, 31),
	(925, 25, 33, 31),
	(926, 26, 34, 31),
	(927, 27, 35, 31),
	(928, 28, 36, 31),
	(929, 29, 37, 31),
	(930, 30, 38, 31),
	(931, 31, 1, 32),
	(932, 32, 2, 32),
	(933, 33, 3, 32),
	(934, 34, 4, 32),
	(935, 35, 5, 32),
	(936, 36, 6, 32),
	(937, 37, 8, 32),
	(938, 38, 9, 32),
	(939, 39, 10, 32),
	(940, 40, 11, 32),
	(941, 41, 12, 32),
	(942, 42, 14, 32),
	(943, 43, 15, 32),
	(944, 44, 16, 32),
	(945, 45, 17, 32),
	(946, 46, 18, 32),
	(947, 47, 20, 32),
	(948, 48, 21, 32),
	(949, 49, 22, 32),
	(950, 50, 23, 32),
	(951, 51, 25, 32),
	(952, 52, 26, 32),
	(953, 53, 28, 32),
	(954, 54, 31, 32),
	(955, 55, 33, 32),
	(956, 56, 34, 32),
	(957, 57, 35, 32),
	(958, 58, 36, 32),
	(959, 59, 37, 32),
	(960, 60, 38, 32),
	(961, 1, 1, 33),
	(962, 2, 2, 33),
	(963, 3, 3, 33),
	(964, 4, 4, 33),
	(965, 5, 5, 33),
	(966, 6, 6, 33),
	(967, 7, 8, 33),
	(968, 8, 9, 33),
	(969, 9, 10, 33),
	(970, 10, 11, 33),
	(971, 11, 12, 33),
	(972, 12, 14, 33),
	(973, 13, 15, 33),
	(974, 14, 16, 33),
	(975, 15, 17, 33),
	(976, 16, 18, 33),
	(977, 17, 20, 33),
	(978, 18, 21, 33),
	(979, 19, 22, 33),
	(980, 20, 23, 33),
	(981, 21, 25, 33),
	(982, 22, 26, 33),
	(983, 23, 28, 33),
	(984, 24, 31, 33),
	(985, 25, 33, 33),
	(986, 26, 34, 33),
	(987, 27, 35, 33),
	(988, 28, 36, 33),
	(989, 29, 37, 33),
	(990, 30, 38, 33),
	(991, 31, 1, 34),
	(992, 32, 2, 34),
	(993, 33, 3, 34),
	(994, 34, 4, 34),
	(995, 35, 5, 34),
	(996, 36, 6, 34),
	(997, 37, 8, 34),
	(998, 38, 9, 34),
	(999, 39, 10, 34),
	(1000, 40, 11, 34),
	(1001, 41, 12, 34),
	(1002, 42, 14, 34),
	(1003, 43, 15, 34),
	(1004, 44, 16, 34),
	(1005, 45, 17, 34),
	(1006, 46, 18, 34),
	(1007, 47, 20, 34),
	(1008, 48, 21, 34),
	(1009, 49, 22, 34),
	(1010, 50, 23, 34),
	(1011, 51, 25, 34),
	(1012, 52, 26, 34),
	(1013, 53, 28, 34),
	(1014, 54, 31, 34),
	(1015, 55, 33, 34),
	(1016, 56, 34, 34),
	(1017, 57, 35, 34),
	(1018, 58, 36, 34),
	(1019, 59, 37, 34),
	(1020, 60, 38, 34),
	(1021, 1, 1, 35),
	(1022, 2, 2, 35),
	(1023, 3, 3, 35),
	(1024, 4, 4, 35),
	(1025, 5, 5, 35),
	(1026, 6, 6, 35),
	(1027, 7, 8, 35),
	(1028, 8, 9, 35),
	(1029, 9, 10, 35),
	(1030, 10, 11, 35),
	(1031, 11, 12, 35),
	(1032, 12, 14, 35),
	(1033, 13, 15, 35),
	(1034, 14, 16, 35),
	(1035, 15, 17, 35),
	(1036, 16, 18, 35),
	(1037, 17, 20, 35),
	(1038, 18, 21, 35),
	(1039, 19, 22, 35),
	(1040, 20, 23, 35),
	(1041, 21, 25, 35),
	(1042, 22, 26, 35),
	(1043, 23, 28, 35),
	(1044, 24, 31, 35),
	(1045, 25, 33, 35),
	(1046, 26, 34, 35),
	(1047, 27, 35, 35),
	(1048, 28, 36, 35),
	(1049, 29, 37, 35),
	(1050, 30, 38, 35),
	(1051, 31, 1, 36),
	(1052, 32, 2, 36),
	(1053, 33, 3, 36),
	(1054, 34, 4, 36),
	(1055, 35, 5, 36),
	(1056, 36, 6, 36),
	(1057, 37, 8, 36),
	(1058, 38, 9, 36),
	(1059, 39, 10, 36),
	(1060, 40, 11, 36),
	(1061, 41, 12, 36),
	(1062, 42, 14, 36),
	(1063, 43, 15, 36),
	(1064, 44, 16, 36),
	(1065, 45, 17, 36),
	(1066, 46, 18, 36),
	(1067, 47, 20, 36),
	(1068, 48, 21, 36),
	(1069, 49, 22, 36),
	(1070, 50, 23, 36),
	(1071, 51, 25, 36),
	(1072, 52, 26, 36),
	(1073, 53, 28, 36),
	(1074, 54, 31, 36),
	(1075, 55, 33, 36),
	(1076, 56, 34, 36),
	(1077, 57, 35, 36),
	(1078, 58, 36, 36),
	(1079, 59, 37, 36),
	(1080, 60, 38, 36),
	(1081, 1, 1, 37),
	(1082, 2, 2, 37),
	(1083, 3, 3, 37),
	(1084, 4, 4, 37),
	(1085, 5, 5, 37),
	(1086, 6, 6, 37),
	(1087, 7, 8, 37),
	(1088, 8, 9, 37),
	(1089, 9, 10, 37),
	(1090, 10, 11, 37),
	(1091, 11, 12, 37),
	(1092, 12, 14, 37),
	(1093, 13, 15, 37),
	(1094, 14, 16, 37),
	(1095, 15, 17, 37),
	(1096, 16, 18, 37),
	(1097, 17, 20, 37),
	(1098, 18, 21, 37),
	(1099, 19, 22, 37),
	(1100, 20, 23, 37),
	(1101, 21, 25, 37),
	(1102, 22, 26, 37),
	(1103, 23, 28, 37),
	(1104, 24, 31, 37),
	(1105, 25, 33, 37),
	(1106, 26, 34, 37),
	(1107, 27, 35, 37),
	(1108, 28, 36, 37),
	(1109, 29, 37, 37),
	(1110, 30, 38, 37),
	(1111, 31, 1, 38),
	(1112, 32, 2, 38),
	(1113, 33, 3, 38),
	(1114, 34, 4, 38),
	(1115, 35, 5, 38),
	(1116, 36, 6, 38),
	(1117, 37, 8, 38),
	(1118, 38, 9, 38),
	(1119, 39, 10, 38),
	(1120, 40, 11, 38),
	(1121, 41, 12, 38),
	(1122, 42, 14, 38),
	(1123, 43, 15, 38),
	(1124, 44, 16, 38),
	(1125, 45, 17, 38),
	(1126, 46, 18, 38),
	(1127, 47, 20, 38),
	(1128, 48, 21, 38),
	(1129, 49, 22, 38),
	(1130, 50, 23, 38),
	(1131, 51, 25, 38),
	(1132, 52, 26, 38),
	(1133, 53, 28, 38),
	(1134, 54, 31, 38),
	(1135, 55, 33, 38),
	(1136, 56, 34, 38),
	(1137, 57, 35, 38),
	(1138, 58, 36, 38),
	(1139, 59, 37, 38),
	(1140, 60, 38, 38),
	(1141, 1, 1, 39),
	(1142, 2, 2, 39),
	(1143, 3, 3, 39),
	(1144, 4, 4, 39),
	(1145, 5, 5, 39),
	(1146, 6, 6, 39),
	(1147, 7, 8, 39),
	(1148, 8, 9, 39),
	(1149, 9, 10, 39),
	(1150, 10, 11, 39),
	(1151, 11, 12, 39),
	(1152, 12, 14, 39),
	(1153, 13, 15, 39),
	(1154, 14, 16, 39),
	(1155, 15, 17, 39),
	(1156, 16, 18, 39),
	(1157, 17, 20, 39),
	(1158, 18, 21, 39),
	(1159, 19, 22, 39),
	(1160, 20, 23, 39),
	(1161, 21, 25, 39),
	(1162, 22, 26, 39),
	(1163, 23, 28, 39),
	(1164, 24, 31, 39),
	(1165, 25, 33, 39),
	(1166, 26, 34, 39),
	(1167, 27, 35, 39),
	(1168, 28, 36, 39),
	(1169, 29, 37, 39),
	(1170, 30, 38, 39),
	(1171, 31, 1, 40),
	(1172, 32, 2, 40),
	(1173, 33, 3, 40),
	(1174, 34, 4, 40),
	(1175, 35, 5, 40),
	(1176, 36, 6, 40),
	(1177, 37, 8, 40),
	(1178, 38, 9, 40),
	(1179, 39, 10, 40),
	(1180, 40, 11, 40),
	(1181, 41, 12, 40),
	(1182, 42, 14, 40),
	(1183, 43, 15, 40),
	(1184, 44, 16, 40),
	(1185, 45, 17, 40),
	(1186, 46, 18, 40),
	(1187, 47, 20, 40),
	(1188, 48, 21, 40),
	(1189, 49, 22, 40),
	(1190, 50, 23, 40),
	(1191, 51, 25, 40),
	(1192, 52, 26, 40),
	(1193, 53, 28, 40),
	(1194, 54, 31, 40),
	(1195, 55, 33, 40),
	(1196, 56, 34, 40),
	(1197, 57, 35, 40),
	(1198, 58, 36, 40),
	(1199, 59, 37, 40),
	(1200, 60, 38, 40),
	(1201, 1, 1, 41),
	(1202, 2, 2, 41),
	(1203, 3, 3, 41),
	(1204, 4, 4, 41),
	(1205, 5, 5, 41),
	(1206, 6, 6, 41),
	(1207, 7, 8, 41),
	(1208, 8, 9, 41),
	(1209, 9, 10, 41),
	(1210, 10, 11, 41),
	(1211, 11, 12, 41),
	(1212, 12, 14, 41),
	(1213, 13, 15, 41),
	(1214, 14, 16, 41),
	(1215, 15, 17, 41),
	(1216, 16, 18, 41),
	(1217, 17, 20, 41),
	(1218, 18, 21, 41),
	(1219, 19, 22, 41),
	(1220, 20, 23, 41),
	(1221, 21, 25, 41),
	(1222, 22, 26, 41),
	(1223, 23, 28, 41),
	(1224, 24, 31, 41),
	(1225, 25, 33, 41),
	(1226, 26, 34, 41),
	(1227, 27, 35, 41),
	(1228, 28, 36, 41),
	(1229, 29, 37, 41),
	(1230, 30, 38, 41),
	(1231, 31, 1, 42),
	(1232, 32, 2, 42),
	(1233, 33, 3, 42),
	(1234, 34, 4, 42),
	(1235, 35, 5, 42),
	(1236, 36, 6, 42),
	(1237, 37, 8, 42),
	(1238, 38, 9, 42),
	(1239, 39, 10, 42),
	(1240, 40, 11, 42),
	(1241, 41, 12, 42),
	(1242, 42, 14, 42),
	(1243, 43, 15, 42),
	(1244, 44, 16, 42),
	(1245, 45, 17, 42),
	(1246, 46, 18, 42),
	(1247, 47, 20, 42),
	(1248, 48, 21, 42),
	(1249, 49, 22, 42),
	(1250, 50, 23, 42),
	(1251, 51, 25, 42),
	(1252, 52, 26, 42),
	(1253, 53, 28, 42),
	(1254, 54, 31, 42),
	(1255, 55, 33, 42),
	(1256, 56, 34, 42),
	(1257, 57, 35, 42),
	(1258, 58, 36, 42),
	(1259, 59, 37, 42),
	(1260, 60, 38, 42),
	(1263, 1, 1, 3),
	(1264, 7, 1, 2);
/*!40000 ALTER TABLE `performance` ENABLE KEYS */;

-- Exportiere Daten aus Tabelle ufo.spectacleday: ~6 rows (ungefähr)
/*!40000 ALTER TABLE `spectacleday` DISABLE KEYS */;
INSERT INTO `spectacleday` (`id`, `day`) VALUES
	(1, '2015-07-23'),
	(2, '2015-07-24'),
	(3, '2015-07-25'),
	(4, '2016-07-23'),
	(5, '2016-07-24'),
	(6, '2016-07-25');
/*!40000 ALTER TABLE `spectacleday` ENABLE KEYS */;

-- Exportiere Daten aus Tabelle ufo.spectacleday_timeslot: ~42 rows (ungefähr)
/*!40000 ALTER TABLE `spectacleday_timeslot` DISABLE KEYS */;
INSERT INTO `spectacleday_timeslot` (`id`, `timeslot_id`, `spectacleday_id`) VALUES
	(1, 1, 1),
	(2, 2, 1),
	(3, 3, 1),
	(4, 4, 1),
	(5, 5, 1),
	(6, 6, 1),
	(7, 7, 1),
	(8, 1, 2),
	(9, 2, 2),
	(10, 3, 2),
	(11, 4, 2),
	(12, 5, 2),
	(13, 6, 2),
	(14, 7, 2),
	(15, 1, 3),
	(16, 2, 3),
	(17, 3, 3),
	(18, 4, 3),
	(19, 5, 3),
	(20, 6, 3),
	(21, 7, 3),
	(22, 1, 4),
	(23, 2, 4),
	(24, 3, 4),
	(25, 4, 4),
	(26, 5, 4),
	(27, 6, 4),
	(28, 7, 4),
	(29, 1, 5),
	(30, 2, 5),
	(31, 3, 5),
	(32, 4, 5),
	(33, 5, 5),
	(34, 6, 5),
	(35, 7, 5),
	(36, 1, 6),
	(37, 2, 6),
	(38, 3, 6),
	(39, 4, 6),
	(40, 5, 6),
	(41, 6, 6),
	(42, 7, 6);
/*!40000 ALTER TABLE `spectacleday_timeslot` ENABLE KEYS */;

-- Exportiere Daten aus Tabelle ufo.timeslot: ~7 rows (ungefähr)
/*!40000 ALTER TABLE `timeslot` DISABLE KEYS */;
INSERT INTO `timeslot` (`id`, `start`, `end`) VALUES
	(1, 14, 15),
	(2, 15, 16),
	(3, 16, 17),
	(4, 17, 18),
	(5, 18, 19),
	(6, 19, 20),
	(7, 20, 21);
/*!40000 ALTER TABLE `timeslot` ENABLE KEYS */;

-- Exportiere Daten aus Tabelle ufo.user: ~2 rows (ungefähr)
/*!40000 ALTER TABLE `user` DISABLE KEYS */;
INSERT INTO `user` (`id`, `email`, `password`) VALUES
	(1, 'christoph@wur.st', 'd5ba440eee8da7f33a22cde96c8f64a7f5e5494b'),
	(2, 'stefan.roesch1985@gmail.com', '5ec659b2054fbc44759657afd81ee3f2be7cad44');
/*!40000 ALTER TABLE `user` ENABLE KEYS */;

-- Exportiere Daten aus Tabelle ufo.venue: ~39 rows (ungefähr)
/*!40000 ALTER TABLE `venue` DISABLE KEYS */;
INSERT INTO `venue` (`id`, `area_id`, `short_desc`, `desc`, `longitude`, `latitude`) VALUES
	(1, 1, 'H1', 'Dreifaltigkeitssäule', 14.191891539042714, 48.265029475833316),
	(2, 1, 'H2', 'Mader Reisen', 14.199472765111805, 48.292275401132436),
	(3, 1, 'H3', 'Haltestelle', 14.21295871340014, 48.27796736667675),
	(4, 1, 'H4', 'Altes Rathaus', 14.200960696256683, 48.26090138432654),
	(5, 1, 'H5', 'Fa. Mammut', 14.151624835936003, 48.26542002977377),
	(6, 1, 'H6', 'Bank Austria', 14.222225644134195, 48.30486813442304),
	(7, 2, 'P1', 'Keplersalon', 14.207663742785961, 48.21371431373406),
	(8, 2, 'P2', 'Adalbert-Stifter-Platz', 14.195580343385767, 48.22675877880003),
	(9, 2, 'P3', 'Stadtpfarrkirche', 14.197052866916222, 48.294988001254374),
	(10, 2, 'P4', 'Pfarrgasse 3', 14.233781408596581, 48.27394304229314),
	(11, 2, 'P5', 'Pfarrplatz', 14.218370988749314, 48.260025819940516),
	(12, 2, 'P6', 'Dorngasse/Postamt', 14.195016136528007, 48.285003225891856),
	(13, 2, 'Z', 'Spektakelzelt', 14.18996772294861, 48.284828940140855),
	(14, 3, 'A1', 'Klosterstraße 7', 14.20424153493181, 48.25672085730985),
	(15, 3, 'A2', 'Landhaus', 14.220879684827178, 48.22423585527971),
	(16, 3, 'A3', 'Altstadt 13', 14.20854022499038, 48.25999356218613),
	(17, 3, 'A4', 'Alter Markt', 14.224347139032881, 48.231755011679375),
	(18, 3, 'A5', 'Hofgasse 13', 14.235733644371605, 48.27340318989326),
	(19, 3, 'A6', 'Schlossmuseum', 14.209815019424832, 48.21886553051776),
	(20, 4, 'L1', 'Annagasse', 14.214882597387659, 48.307816398458385),
	(21, 4, 'L2', 'Taubenmarkt', 14.24443420320231, 48.28872182370976),
	(22, 4, 'L3', 'Bethlehemstraße', 14.160306512015227, 48.22536709202022),
	(23, 4, 'L4', 'Spittelwiese 4', 14.19591592712879, 48.29347836265664),
	(24, 4, 'L5', 'Ursulinenkirche', 14.229644034970221, 48.25778508995453),
	(25, 4, 'L6', 'Kameliterkirche', 14.249993347935373, 48.26661147288662),
	(26, 4, 'L7', 'OK-Platz', 14.233077323700373, 48.255552202915354),
	(27, 4, 'L8', 'Martin-Luther-Platz', 14.228529046549024, 48.26598862707242),
	(28, 5, 'T1', 'Altes Rathaus-Innenhof', 14.19435599878836, 48.26381411579793),
	(29, 5, 'T2', 'Tummelplatz', 14.186002585697922, 48.22857058416919),
	(30, 5, 'T3', 'Landhaus Arkadenhof', 14.234845166825545, 48.278514084693526),
	(31, 5, 'T4', 'Landhaus', 14.238034926064346, 48.244632379314524),
	(32, 5, 'T5', 'Sparkassenplatz', 14.159057121452928, 48.251388472394446),
	(33, 5, 'T6', 'Domplatz', 14.22977100068682, 48.28468958932412),
	(34, 6, 'X1', 'Cafe Traxlmayr', 14.184134947633497, 48.25660597326849),
	(35, 6, 'X2', 'Sparkasse OÖ', 14.180625026515337, 48.22330721584457),
	(36, 6, 'X3', 'Promenade 17', 14.224661002750192, 48.243383369290626),
	(37, 6, 'X4', 'Medienhaus Wimmer', 14.192933841275922, 48.22451910158109),
	(38, 7, 'M1', 'Ursulinen-Hof', 14.193793987151043, 48.28541263408532),
	(39, 7, 'M2', 'Central-Innenhof', 14.195681212046818, 48.21216816105151);
/*!40000 ALTER TABLE `venue` ENABLE KEYS */;
/*!40101 SET SQL_MODE=IFNULL(@OLD_SQL_MODE, '') */;
/*!40014 SET FOREIGN_KEY_CHECKS=IF(@OLD_FOREIGN_KEY_CHECKS IS NULL, 1, @OLD_FOREIGN_KEY_CHECKS) */;
/*!40101 SET CHARACTER_SET_CLIENT=@OLD_CHARACTER_SET_CLIENT */;
