-- --------------------------------------------------------
-- Host:                         127.0.0.1
-- Server Version:               10.1.8-MariaDB - mariadb.org binary distribution
-- Server Betriebssystem:        Win64
-- HeidiSQL Version:             9.1.0.4867
-- --------------------------------------------------------

/*!40101 SET @OLD_CHARACTER_SET_CLIENT=@@CHARACTER_SET_CLIENT */;
/*!40101 SET NAMES utf8mb4 */;
/*!40014 SET @OLD_FOREIGN_KEY_CHECKS=@@FOREIGN_KEY_CHECKS, FOREIGN_KEY_CHECKS=0 */;
/*!40101 SET @OLD_SQL_MODE=@@SQL_MODE, SQL_MODE='NO_AUTO_VALUE_ON_ZERO' */;
-- Exportiere Daten aus Tabelle ufo.area: ~28 rows (ungefähr)
DELETE FROM `area`;
/*!40000 ALTER TABLE `area` DISABLE KEYS */;
INSERT INTO `area` (`id`, `name`) VALUES
	(1, 'Hauptplatz'),
	(2, 'Pfarrplatz und Domgasse'),
	(3, 'Altstadt'),
	(4, 'Landstraße'),
	(5, 'Straßentheater-Aufführungen'),
	(6, 'Promenade'),
	(7, 'Musik-Spots'),
	(8, 'Rathausplatz'),
	(9, 'Rathausplatz'),
	(10, 'Rathausplatz'),
	(11, 'Rathausplatz'),
	(12, 'Rathausplatz'),
	(13, 'Rathausplatz'),
	(14, 'Rathausplatz'),
	(15, 'Rathausplatz'),
	(16, 'Rathausplatz'),
	(17, 'Rathausplatz'),
	(18, 'Rathausplatz'),
	(19, 'Rathausplatz'),
	(20, 'Rathausplatz'),
	(21, 'Rathausplatz'),
	(22, 'Rathausplatz'),
	(23, 'Rathausplatz'),
	(24, 'Rathausplatz'),
	(25, 'Rathausplatz'),
	(26, 'Rathausplatz'),
	(27, 'Rathausplatz'),
	(28, 'Rathausplatz');
/*!40000 ALTER TABLE `area` ENABLE KEYS */;

-- Exportiere Daten aus Tabelle ufo.artist: ~60 rows (ungefähr)
DELETE FROM `artist`;
/*!40000 ALTER TABLE `artist` DISABLE KEYS */;
INSERT INTO `artist` (`id`, `name`, `image`, `video`, `category_id`, `country_id`, `email`) VALUES
	(1, 'circoPitanga', 'images/1.jpg', 'https://youtube.com/watch?v=bid2x95r4', 1, 42, 'circoPitanga@gmx.at'),
	(2, 'Compagnie Antipodes', 'images/2.jpg', 'https://youtube.com/watch?v=3sgnn0tr4', 1, 74, 'CompagnieAntipodes@gmx.at'),
	(3, 'Los Galindos', 'images/3.jpg', 'https://youtube.com/watch?v=2rb35bttg', 1, 67, 'LosGalindos@gmx.de'),
	(4, 'La Trocola Circo', 'images/4.jpg', NULL, 1, 11, 'LaTrocolaCirco@gmail.com'),
	(5, 'Cia. Jean Philippe Kikolas', 'images/5.jpg', 'https://youtube.com/watch?v=51entws0c', 1, 67, 'CiaJeanPhilippeKikolas@live.com'),
	(6, 'Hint', 'images/6.jpg', 'https://youtube.com/watch?v=i7alt1h3o', 1, 193, 'Hint@gmx.de'),
	(7, 'figurentheater (isipisi)', 'images/7.jpg', 'https://youtube.com/watch?v=uxxn3b0w7', 2, 13, 'figurentheater@gmx.at'),
	(8, 'Box Actor Yaya', 'images/8.jpg', 'https://youtube.com/watch?v=08vd1pcb7', 3, 113, 'BoxActorYaya@gmx.de'),
	(9, 'Compagnie MOBIL', 'images/9.jpg', 'https://youtube.com/watch?v=s4zbdntvn', 3, 163, 'CompagnieMOBIL@gmail.com'),
	(10, 'Derek Derek', 'images/10.jpg', 'https://youtube.com/watch?v=bh4wvd1us', 3, 227, 'DerekDerek@gmx.de'),
	(11, 'Die Buschs', 'images/11.jpg', 'https://youtube.com/watch?v=42nux0xid', 3, 56, 'DieBuschs@gmx.at'),
	(12, 'Dimitar and Tui (AiO Company)', 'images/12.jpg', 'https://youtube.com/watch?v=32reekctt', 3, 23, 'DimitarandTui@gmx.de'),
	(13, 'Dj Capuzzi & Senorita X', 'images/13.jpg', 'https://youtube.com/watch?v=buz5k6te6', 3, 11, 'DjCapuzzi&SenoritaX@gmx.de'),
	(14, 'Eddy Eighty', 'images/14.jpg', 'https://youtube.com/watch?v=ipx5ov6it', 3, 67, 'EddyEighty@gmx.de'),
	(15, 'El Diabolero', 'images/15.jpg', 'https://youtube.com/watch?v=9jvln5k6v', 3, 13, 'ElDiabolero@gmail.com'),
	(16, 'Herr Hundertpfund', 'images/16.jpg', 'https://youtube.com/watch?v=l4iz11rgp', 3, 56, 'HerrHundertpfund@live.com'),
	(17, 'Herr Konrad', 'images/17.jpg', 'https://youtube.com/watch?v=2vwn7ue7k', 3, 56, 'HerrKonrad@hotmail.com'),
	(18, 'HoopStep', 'images/18.jpg', 'https://youtube.com/watch?v=wl0xkm6r2', 3, 56, 'HoopStep@gmx.at'),
	(19, 'Ian Deadly', 'images/19.jpg', 'https://youtube.com/watch?v=rc5eegvrw', 3, 76, 'IanDeadly@gmx.de'),
	(20, 'Kammann', 'images/20.jpg', 'https://youtube.com/watch?v=00tr2vvf8', 3, 56, 'Kammann@gmail.com'),
	(21, 'Kana', 'images/21.jpg', 'https://youtube.com/watch?v=vkgc21o1v', 3, 113, 'Kana@gmx.de'),
	(22, 'Maurangas', 'images/22.jpg', 'https://youtube.com/watch?v=2dfsedemo', 3, 11, 'Maurangas@live.com'),
	(23, 'Mr. Mostacho', 'images/23.jpg', 'https://youtube.com/watch?v=7vv6jt8ik', 3, 45, 'MrMostacho@gmx.at'),
	(24, 'Anne & Mitja', 'images/24.jpg', 'https://youtube.com/watch?v=04arsbzvd', 4, 56, 'Anne&Mitja@gmx.at'),
	(25, 'Cia. ElOtro', 'images/25.jpg', 'https://youtube.com/watch?v=fv30lm26f', 4, 67, 'CiaElOtro@gmx.at'),
	(26, 'Cia. Passabarret', 'images/26.jpg', 'https://youtube.com/watch?v=c7rurxbcm', 4, 67, 'CiaPassabarret@gmx.de'),
	(27, 'Cia. ZagreB', 'images/27.jpg', 'https://youtube.com/watch?v=vhx5j2dh1', 4, 74, 'CiaZagreB@gmail.com'),
	(28, 'DANCEproject', 'images/28.jpg', 'https://youtube.com/watch?v=h1gx0zmva', 4, 13, 'DANCEproject@gmx.de'),
	(29, 'Duo Kate and Pasi', 'images/29.jpg', 'https://youtube.com/watch?v=lu3p2vvkx', 4, 69, 'DuoKateandPasi@gmail.com'),
	(30, 'Duo Looky', 'images/30.jpg', 'https://youtube.com/watch?v=oa6s4x7vg', 4, 102, 'DuoLooky@gmail.com'),
	(31, 'Duo Masawa', 'images/31.jpg', 'https://youtube.com/watch?v=edgvolm3c', 4, 109, 'DuoMasawa@gmail.com'),
	(32, 'Zirkus Gonzo', 'images/32.jpg', 'https://youtube.com/watch?v=4bzo9xm4f', 5, 58, 'ZirkusGonzo@gmx.de'),
	(33, 'Cia. Frutillas Con Crema', 'images/33.jpg', 'https://youtube.com/watch?v=j4pzkjvpa', 6, 67, 'CiaFrutillasConCrema@hotmail.com'),
	(34, 'Fausto Giori', 'images/34.jpg', 'https://youtube.com/watch?v=zph0a6s3v', 6, 109, 'FaustoGiori@gmail.com'),
	(35, 'Luca Bellezze', 'images/35.jpg', 'https://youtube.com/watch?v=r0h5za6t7', 6, 109, 'LucaBellezze@gmx.at'),
	(36, 'Mattress Circus', 'images/36.jpg', NULL, 6, 58, 'MattressCircus@gmx.de'),
	(37, 'Mute', 'images/37.jpg', 'https://youtube.com/watch?v=r3wzxihl8', 6, 212, 'Mute@gmail.com'),
	(38, 'Omnivolant', 'images/38.jpg', NULL, 6, 56, 'Omnivolant@gmx.de'),
	(39, 'Secret Circus', 'images/39.jpg', 'https://youtube.com/watch?v=2p5d21pax', 6, 30, 'SecretCircus@gmx.de'),
	(40, 'The Sideshow Charlatans', 'images/40.jpg', 'https://youtube.com/watch?v=lwe31mpkb', 6, 56, 'TheSideshowCharlatans@gmx.de'),
	(41, 'TON', 'images/41.jpg', 'https://youtube.com/watch?v=mwcuuggmj', 6, 163, 'TON@gmail.com'),
	(42, 'Trini-ty', 'images/42.jpg', 'https://youtube.com/watch?v=l17m82b6l', 6, 45, 'Trini-ty@gmx.at'),
	(43, 'Benni Green', 'images/43.jpg', 'https://youtube.com/watch?v=984nltz6r', 7, 109, 'BenniGreen@gmail.com'),
	(44, 'Les Contes dAsphalt', 'images/44.jpg', 'https://youtube.com/watch?v=x7xu2ljnd', 7, 21, 'LesContesdAsphalt@gmail.com'),
	(45, 'Lutrek Statues & Clowns', 'images/45.jpg', 'https://youtube.com/watch?v=modh2lihm', 7, 176, 'LutrekStatues&Clowns@gmail.com'),
	(46, 'OAKLEAF Stelzenkunst', 'images/46.jpg', NULL, 7, 56, 'OAKLEAFStelzenkunst@gmail.com'),
	(47, 'The LEDies', 'images/47.jpg', 'https://youtube.com/watch?v=6ud47fat0', 7, 13, 'TheLEDies@gmx.at'),
	(48, 'Urban Safari', 'images/48.jpg', 'https://youtube.com/watch?v=cdkf8nbbf', 7, 163, 'UrbanSafari@gmx.at'),
	(49, 'Barada Street', 'images/49.jpg', NULL, 8, 115, 'BaradaStreet@live.com'),
	(50, 'Blechsalat', 'images/50.jpg', 'https://youtube.com/watch?v=4vh0ev33', 8, 13, 'Blechsalat@gmail.com'),
	(51, 'Anta Agni', 'images/51.jpg', 'https://youtube.com/watch?v=wxobbfur0', 9, 198, 'AntaAgni@gmx.de'),
	(52, 'Lumen Invoco', 'images/52.jpg', 'https://youtube.com/watch?v=h3sda132p', 9, 109, 'LumenInvoco@gmx.de'),
	(53, 'Shining Shadows', 'images/53.jpg', NULL, 9, 13, 'ShiningShadows@gmail.com'),
	(54, 'Bigolis Teatre', 'images/54.jpg', NULL, 10, 67, 'BigolisTeatre@gmx.de'),
	(55, 'Ola Muchin', 'images/55.jpg', 'https://youtube.com/watch?v=exdv6gj2g', 10, 176, 'OlaMuchin@gmail.com'),
	(56, 'Bence Sarkadi Theater of Marionettes', 'images/56.jpg', 'https://youtube.com/watch?v=vmbfx4ixv', 10, 99, 'BenceSarkadiTheaterofMarionettes@gmail.com'),
	(57, 'Dr. Bubbles & die Seifenblansenbande', 'images/57.jpg', 'https://youtube.com/watch?v=bn38l29t0', 11, 56, 'DrBubbles&dieSeifenblansenbande@gmail.com'),
	(58, 'Puppenbühne Burattino-Koffertheater', 'images/58.jpg', 'https://youtube.com/watch?v=dkhglbh8i', 11, 56, 'PuppenbühneBurattino-Koffertheater@gmail.com'),
	(59, 'Kleines Grusel Gewusel', 'images/59.jpg', 'https://youtube.com/watch?v=jugfhx10p', 11, 13, 'KleinesGruselGewusel@gmail.com'),
	(60, 'Lucy Lou', 'images/60.jpg', NULL, 11, 56, 'LucyLou@gmail.com');
/*!40000 ALTER TABLE `artist` ENABLE KEYS */;

-- Exportiere Daten aus Tabelle ufo.category: ~11 rows (ungefähr)
DELETE FROM `category`;
/*!40000 ALTER TABLE `category` DISABLE KEYS */;
INSERT INTO `category` (`id`, `description`) VALUES
	(1, 'Straßentheater'),
	(2, 'Local Art'),
	(3, 'Comedy & Jonglage'),
	(4, 'Akrobatik & Tanz'),
	(5, 'Luftakrobatik'),
	(6, 'Clownerie & Pantomime'),
	(7, 'Walkact, Stelzen, Stehstill'),
	(8, 'Musik, Samba, Precussion'),
	(9, 'Feuerperformances'),
	(10, 'Figuren- und Objekttheater'),
	(11, 'Kinderprogramm');
/*!40000 ALTER TABLE `category` ENABLE KEYS */;

-- Exportiere Daten aus Tabelle ufo.country: ~243 rows (ungefähr)
DELETE FROM `country`;
/*!40000 ALTER TABLE `country` DISABLE KEYS */;
INSERT INTO `country` (`id`, `name`) VALUES
	(1, 'Andorra'),
	(2, 'Vereinigte Arabische Emirate'),
	(3, 'Afghanistan'),
	(4, 'Antigua und Barbuda'),
	(5, 'Anguilla'),
	(6, 'Albanien'),
	(7, 'Armenien'),
	(8, 'Niederländische Antillen'),
	(9, 'Angola'),
	(10, 'Antarktis'),
	(11, 'Argentinien'),
	(12, 'Amerikanisch-Samoa'),
	(13, 'Österreich'),
	(14, 'Australien'),
	(15, 'Aruba'),
	(16, 'Åland'),
	(17, 'Aserbaidschan'),
	(18, 'Bosnien und Herzegowina'),
	(19, 'Barbados'),
	(20, 'Bangladesch'),
	(21, 'Belgien'),
	(22, 'Burkina Faso'),
	(23, 'Bulgarien'),
	(24, 'Bahrain'),
	(25, 'Burundi'),
	(26, 'Benin'),
	(27, 'Bermuda'),
	(28, 'Brunei Darussalam'),
	(29, 'Bolivien'),
	(30, 'Brasilien'),
	(31, 'Bahamas'),
	(32, 'Bhutan'),
	(33, 'Bouvetinsel'),
	(34, 'Botswana'),
	(35, 'Belarus (Weißrussland)'),
	(36, 'Belize'),
	(37, 'Kanada'),
	(38, 'Kokosinseln (Keelinginseln)'),
	(39, 'Kongo'),
	(40, 'Zentralafrikanische Republik'),
	(41, 'Republik Kongo'),
	(42, 'Schweiz'),
	(43, 'Elfenbeinküste'),
	(44, 'Cookinseln'),
	(45, 'Chile'),
	(46, 'Kamerun'),
	(47, 'China, Volksrepublik'),
	(48, 'Kolumbien'),
	(49, 'Costa Rica'),
	(50, 'Serbien und Montenegro'),
	(51, 'Kuba'),
	(52, 'Kap Verde'),
	(53, 'Weihnachtsinsel'),
	(54, 'Zypern'),
	(55, 'Tschechische Republik'),
	(56, 'Deutschland'),
	(57, 'Dschibuti'),
	(58, 'Dänemark'),
	(59, 'Dominica'),
	(60, 'Dominikanische Republik'),
	(61, 'Algerien'),
	(62, 'Ecuador'),
	(63, 'Estland (Reval)'),
	(64, 'Ägypten'),
	(65, 'Westsahara'),
	(66, 'Eritrea'),
	(67, 'Spanien'),
	(68, 'Äthiopien'),
	(69, 'Finnland'),
	(70, 'Fidschi'),
	(71, 'Falklandinseln (Malwinen)'),
	(72, 'Mikronesien'),
	(73, 'Färöer'),
	(74, 'Frankreich'),
	(75, 'Gabun'),
	(76, 'Großbritannien und Nordirland'),
	(77, 'Grenada'),
	(78, 'Georgien'),
	(79, 'Französisch-Guayana'),
	(80, 'Guernsey (Kanalinsel)'),
	(81, 'Ghana'),
	(82, 'Gibraltar'),
	(83, 'Grönland'),
	(84, 'Gambia'),
	(85, 'Guinea'),
	(86, 'Guadeloupe'),
	(87, 'Äquatorialguinea'),
	(88, 'Griechenland'),
	(89, 'Südgeorgien und die Südl. Sandwichinseln'),
	(90, 'Guatemala'),
	(91, 'Guam'),
	(92, 'Guinea-Bissau'),
	(93, 'Guyana'),
	(94, 'Hongkong'),
	(95, 'Heard- und McDonald-Inseln'),
	(96, 'Honduras'),
	(97, 'Kroatien'),
	(98, 'Haiti'),
	(99, 'Ungarn'),
	(100, 'Indonesien'),
	(101, 'Irland'),
	(102, 'Israel'),
	(103, 'Insel Man'),
	(104, 'Indien'),
	(105, 'Britisches Territorium im Indischen Ozean'),
	(106, 'Irak'),
	(107, 'Iran'),
	(108, 'Island'),
	(109, 'Italien'),
	(110, 'Jersey (Kanalinsel)'),
	(111, 'Jamaika'),
	(112, 'Jordanien'),
	(113, 'Japan'),
	(114, 'Kenia'),
	(115, 'Kirgisistan'),
	(116, 'Kambodscha'),
	(117, 'Kiribati'),
	(118, 'Komoren'),
	(119, 'St. Kitts und Nevis'),
	(120, 'Nordkorea'),
	(121, 'Südkorea'),
	(122, 'Kuwait'),
	(123, 'Kaimaninseln'),
	(124, 'Kasachstan'),
	(125, 'Laos'),
	(126, 'Libanon'),
	(127, 'St. Lucia'),
	(128, 'Liechtenstein'),
	(129, 'Sri Lanka'),
	(130, 'Liberia'),
	(131, 'Lesotho'),
	(132, 'Litauen'),
	(133, 'Luxemburg'),
	(134, 'Lettland'),
	(135, 'Libyen'),
	(136, 'Marokko'),
	(137, 'Monaco'),
	(138, 'Moldawien'),
	(139, 'Madagaskar'),
	(140, 'Marshallinseln'),
	(141, 'Mazedonien'),
	(142, 'Mali'),
	(143, 'Myanmar (Burma)'),
	(144, 'Mongolei'),
	(145, 'Macao'),
	(146, 'Nördliche Marianen'),
	(147, 'Martinique'),
	(148, 'Mauretanien'),
	(149, 'Montserrat'),
	(150, 'Malta'),
	(151, 'Mauritius'),
	(152, 'Malediven'),
	(153, 'Malawi'),
	(154, 'Mexiko'),
	(155, 'Malaysia'),
	(156, 'Mosambik'),
	(157, 'Namibia'),
	(158, 'Neukaledonien'),
	(159, 'Niger'),
	(160, 'Norfolkinsel'),
	(161, 'Nigeria'),
	(162, 'Nicaragua'),
	(163, 'Niederlande'),
	(164, 'Norwegen'),
	(165, 'Nepal'),
	(166, 'Nauru'),
	(167, 'Niue'),
	(168, 'Neuseeland'),
	(169, 'Oman'),
	(170, 'Panama'),
	(171, 'Peru'),
	(172, 'Französisch-Polynesien'),
	(173, 'Papua-Neuguinea'),
	(174, 'Philippinen'),
	(175, 'Pakistan'),
	(176, 'Polen'),
	(177, 'St. Pierre und Miquelon'),
	(178, 'Pitcairninseln'),
	(179, 'Puerto Rico'),
	(180, 'Palästinensische Autonomiegebiete'),
	(181, 'Portugal'),
	(182, 'Palau'),
	(183, 'Paraguay'),
	(184, 'Katar'),
	(185, 'Réunion'),
	(186, 'Rumänien'),
	(187, 'Russische Föderation'),
	(188, 'Ruanda'),
	(189, 'Saudi-Arabien'),
	(190, 'Salomonen'),
	(191, 'Seychellen'),
	(192, 'Sudan'),
	(193, 'Schweden'),
	(194, 'Singapur'),
	(195, 'St. Helena'),
	(196, 'Slowenien'),
	(197, 'Svalbard und Jan Mayen'),
	(198, 'Slowakei'),
	(199, 'Sierra Leone'),
	(200, 'San Marino'),
	(201, 'Senegal'),
	(202, 'Somalia'),
	(203, 'Suriname'),
	(204, 'São Tomé und Príncipe'),
	(205, 'El Salvador'),
	(206, 'Syrien'),
	(207, 'Swasiland'),
	(208, 'Turks- und Caicosinseln'),
	(209, 'Tschad'),
	(210, 'Französische Süd- und Antarktisgebiete'),
	(211, 'Togo'),
	(212, 'Thailand'),
	(213, 'Tadschikistan'),
	(214, 'Tokelau'),
	(215, 'Timor-Leste'),
	(216, 'Turkmenistan'),
	(217, 'Tunesien'),
	(218, 'Tonga'),
	(219, 'Türkei'),
	(220, 'Trinidad und Tobago'),
	(221, 'Tuvalu'),
	(222, 'Taiwan'),
	(223, 'Tansania'),
	(224, 'Ukraine'),
	(225, 'Uganda'),
	(226, 'Amerikanisch-Ozeanien'),
	(227, 'Vereinigte Staaten von Amerika'),
	(228, 'Uruguay'),
	(229, 'Usbekistan'),
	(230, 'Vatikanstadt'),
	(231, 'St. Vincent und die Grenadinen'),
	(232, 'Venezuela'),
	(233, 'Britische Jungferninseln'),
	(234, 'Amerikanische Jungferninseln'),
	(235, 'Vietnam'),
	(236, 'Vanuatu'),
	(237, 'Wallis und Futuna'),
	(238, 'Samoa'),
	(239, 'Jemen'),
	(240, 'Mayotte'),
	(241, 'Südafrika'),
	(242, 'Sambia'),
	(243, 'Simbabwe');
/*!40000 ALTER TABLE `country` ENABLE KEYS */;

-- Exportiere Daten aus Tabelle ufo.dummytimetable: ~42 rows (ungefähr)
DELETE FROM `dummytimetable`;
/*!40000 ALTER TABLE `dummytimetable` DISABLE KEYS */;
INSERT INTO `dummytimetable` (`start`, `end`) VALUES
	('2016-07-25 16:00:00', '2016-07-25 17:00:00'),
	('2016-07-25 17:00:00', '2016-07-25 18:00:00'),
	('2016-07-25 18:00:00', '2016-07-25 19:00:00'),
	('2016-07-25 19:00:00', '2016-07-25 20:00:00'),
	('2016-07-25 20:00:00', '2016-11-25 21:00:00'),
	('2016-07-25 21:00:00', '2016-07-25 22:00:00'),
	('2016-07-25 22:00:00', '2016-07-25 23:00:00'),
	('2016-07-23 16:00:00', '2016-07-23 17:00:00'),
	('2016-07-23 17:00:00', '2016-07-23 18:00:00'),
	('2016-07-23 18:00:00', '2016-07-23 19:00:00'),
	('2016-07-23 19:00:00', '2016-07-23 20:00:00'),
	('2016-07-23 20:00:00', '2016-11-23 21:00:00'),
	('2016-07-23 21:00:00', '2016-07-23 22:00:00'),
	('2016-07-23 22:00:00', '2016-07-23 23:00:00'),
	('2016-07-24 16:00:00', '2016-07-24 17:00:00'),
	('2016-07-24 17:00:00', '2016-07-24 18:00:00'),
	('2016-07-24 18:00:00', '2016-07-24 19:00:00'),
	('2016-07-24 19:00:00', '2016-07-24 20:00:00'),
	('2016-07-24 20:00:00', '2016-11-24 21:00:00'),
	('2016-07-24 21:00:00', '2016-07-24 22:00:00'),
	('2016-07-24 22:00:00', '2016-07-24 23:00:00'),
	('2015-07-23 16:00:00', '2015-07-23 17:00:00'),
	('2015-07-24 16:00:00', '2015-07-23 17:00:00'),
	('2015-07-25 16:00:00', '2015-07-23 17:00:00'),
	('2015-07-23 17:00:00', '2015-07-23 18:00:00'),
	('2015-07-24 17:00:00', '2015-07-23 18:00:00'),
	('2015-07-25 17:00:00', '2015-07-23 18:00:00'),
	('2015-07-23 18:00:00', '2015-07-23 19:00:00'),
	('2015-07-24 18:00:00', '2015-07-23 19:00:00'),
	('2015-07-25 18:00:00', '2015-07-23 19:00:00'),
	('2015-07-23 19:00:00', '2015-07-23 20:00:00'),
	('2015-07-24 19:00:00', '2015-07-23 20:00:00'),
	('2015-07-25 19:00:00', '2015-07-23 20:00:00'),
	('2015-07-23 20:00:00', '2015-11-10 21:00:00'),
	('2015-07-24 20:00:00', '2015-11-10 21:00:00'),
	('2015-07-25 20:00:00', '2015-11-10 21:00:00'),
	('2015-07-23 21:00:00', '2015-07-23 22:00:00'),
	('2015-07-24 21:00:00', '2015-07-23 22:00:00'),
	('2015-07-25 21:00:00', '2015-07-23 22:00:00'),
	('2015-07-23 22:00:00', '2015-07-23 23:00:00'),
	('2015-07-24 22:00:00', '2015-07-23 23:00:00'),
	('2015-07-25 22:00:00', '2015-07-23 23:00:00');
/*!40000 ALTER TABLE `dummytimetable` ENABLE KEYS */;

-- Exportiere Daten aus Tabelle ufo.performance: ~1 260 rows (ungefähr)
DELETE FROM `performance`;
/*!40000 ALTER TABLE `performance` DISABLE KEYS */;
INSERT INTO `performance` (`id`, `start`, `end`, `artist_id`, `venue_id`) VALUES
	(1, '2015-07-23 16:00:00', '2015-07-23 17:00:00', 1, 1),
	(2, '2015-07-23 16:00:00', '2015-07-23 17:00:00', 2, 2),
	(3, '2015-07-23 16:00:00', '2015-07-23 17:00:00', 3, 3),
	(4, '2015-07-23 16:00:00', '2015-07-23 17:00:00', 4, 4),
	(5, '2015-07-23 16:00:00', '2015-07-23 17:00:00', 5, 5),
	(6, '2015-07-23 16:00:00', '2015-07-23 17:00:00', 6, 6),
	(7, '2015-07-23 16:00:00', '2015-07-23 17:00:00', 7, 7),
	(8, '2015-07-23 16:00:00', '2015-07-23 17:00:00', 8, 9),
	(9, '2015-07-23 16:00:00', '2015-07-23 17:00:00', 9, 10),
	(10, '2015-07-23 16:00:00', '2015-07-23 17:00:00', 10, 11),
	(11, '2015-07-23 16:00:00', '2015-07-23 17:00:00', 11, 12),
	(12, '2015-07-23 16:00:00', '2015-07-23 17:00:00', 12, 13),
	(13, '2015-07-23 16:00:00', '2015-07-23 17:00:00', 13, 16),
	(14, '2015-07-23 16:00:00', '2015-07-23 17:00:00', 14, 17),
	(15, '2015-07-23 16:00:00', '2015-07-23 17:00:00', 15, 18),
	(16, '2015-07-23 16:00:00', '2015-07-23 17:00:00', 16, 19),
	(17, '2015-07-23 16:00:00', '2015-07-23 17:00:00', 17, 21),
	(18, '2015-07-23 16:00:00', '2015-07-23 17:00:00', 18, 23),
	(19, '2015-07-23 16:00:00', '2015-07-23 17:00:00', 19, 25),
	(20, '2015-07-23 16:00:00', '2015-07-23 17:00:00', 20, 26),
	(21, '2015-07-23 16:00:00', '2015-07-23 17:00:00', 21, 27),
	(22, '2015-07-23 16:00:00', '2015-07-23 17:00:00', 22, 28),
	(23, '2015-07-23 16:00:00', '2015-07-23 17:00:00', 23, 29),
	(24, '2015-07-23 16:00:00', '2015-07-23 17:00:00', 24, 30),
	(25, '2015-07-23 16:00:00', '2015-07-23 17:00:00', 25, 31),
	(26, '2015-07-23 16:00:00', '2015-07-23 17:00:00', 26, 32),
	(27, '2015-07-23 16:00:00', '2015-07-23 17:00:00', 27, 33),
	(28, '2015-07-23 16:00:00', '2015-07-23 17:00:00', 28, 35),
	(29, '2015-07-23 16:00:00', '2015-07-23 17:00:00', 29, 36),
	(30, '2015-07-23 16:00:00', '2015-07-23 17:00:00', 30, 37),
	(31, '2015-07-23 17:00:00', '2015-07-23 18:00:00', 31, 1),
	(32, '2015-07-23 17:00:00', '2015-07-23 18:00:00', 32, 2),
	(33, '2015-07-23 17:00:00', '2015-07-23 18:00:00', 33, 3),
	(34, '2015-07-23 17:00:00', '2015-07-23 18:00:00', 34, 4),
	(35, '2015-07-23 17:00:00', '2015-07-23 18:00:00', 35, 5),
	(36, '2015-07-23 17:00:00', '2015-07-23 18:00:00', 36, 6),
	(37, '2015-07-23 17:00:00', '2015-07-23 18:00:00', 37, 7),
	(38, '2015-07-23 17:00:00', '2015-07-23 18:00:00', 38, 9),
	(39, '2015-07-23 17:00:00', '2015-07-23 18:00:00', 39, 10),
	(40, '2015-07-23 17:00:00', '2015-07-23 18:00:00', 40, 11),
	(41, '2015-07-23 17:00:00', '2015-07-23 18:00:00', 41, 12),
	(42, '2015-07-23 17:00:00', '2015-07-23 18:00:00', 42, 13),
	(43, '2015-07-23 17:00:00', '2015-07-23 18:00:00', 43, 16),
	(44, '2015-07-23 17:00:00', '2015-07-23 18:00:00', 44, 17),
	(45, '2015-07-23 17:00:00', '2015-07-23 18:00:00', 45, 18),
	(46, '2015-07-23 17:00:00', '2015-07-23 18:00:00', 46, 19),
	(47, '2015-07-23 17:00:00', '2015-07-23 18:00:00', 47, 21),
	(48, '2015-07-23 17:00:00', '2015-07-23 18:00:00', 48, 23),
	(49, '2015-07-23 17:00:00', '2015-07-23 18:00:00', 49, 25),
	(50, '2015-07-23 17:00:00', '2015-07-23 18:00:00', 50, 26),
	(51, '2015-07-23 17:00:00', '2015-07-23 18:00:00', 51, 27),
	(52, '2015-07-23 17:00:00', '2015-07-23 18:00:00', 52, 28),
	(53, '2015-07-23 17:00:00', '2015-07-23 18:00:00', 53, 29),
	(54, '2015-07-23 17:00:00', '2015-07-23 18:00:00', 54, 30),
	(55, '2015-07-23 17:00:00', '2015-07-23 18:00:00', 55, 31),
	(56, '2015-07-23 17:00:00', '2015-07-23 18:00:00', 56, 32),
	(57, '2015-07-23 17:00:00', '2015-07-23 18:00:00', 57, 33),
	(58, '2015-07-23 17:00:00', '2015-07-23 18:00:00', 58, 35),
	(59, '2015-07-23 17:00:00', '2015-07-23 18:00:00', 59, 36),
	(60, '2015-07-23 17:00:00', '2015-07-23 18:00:00', 60, 37),
	(61, '2015-07-23 18:00:00', '2015-07-23 19:00:00', 1, 1),
	(62, '2015-07-23 18:00:00', '2015-07-23 19:00:00', 2, 2),
	(63, '2015-07-23 18:00:00', '2015-07-23 19:00:00', 3, 3),
	(64, '2015-07-23 18:00:00', '2015-07-23 19:00:00', 4, 4),
	(65, '2015-07-23 18:00:00', '2015-07-23 19:00:00', 5, 5),
	(66, '2015-07-23 18:00:00', '2015-07-23 19:00:00', 6, 6),
	(67, '2015-07-23 18:00:00', '2015-07-23 19:00:00', 7, 7),
	(68, '2015-07-23 18:00:00', '2015-07-23 19:00:00', 8, 9),
	(69, '2015-07-23 18:00:00', '2015-07-23 19:00:00', 9, 10),
	(70, '2015-07-23 18:00:00', '2015-07-23 19:00:00', 10, 11),
	(71, '2015-07-23 18:00:00', '2015-07-23 19:00:00', 11, 12),
	(72, '2015-07-23 18:00:00', '2015-07-23 19:00:00', 12, 13),
	(73, '2015-07-23 18:00:00', '2015-07-23 19:00:00', 13, 16),
	(74, '2015-07-23 18:00:00', '2015-07-23 19:00:00', 14, 17),
	(75, '2015-07-23 18:00:00', '2015-07-23 19:00:00', 15, 18),
	(76, '2015-07-23 18:00:00', '2015-07-23 19:00:00', 16, 19),
	(77, '2015-07-23 18:00:00', '2015-07-23 19:00:00', 17, 21),
	(78, '2015-07-23 18:00:00', '2015-07-23 19:00:00', 18, 23),
	(79, '2015-07-23 18:00:00', '2015-07-23 19:00:00', 19, 25),
	(80, '2015-07-23 18:00:00', '2015-07-23 19:00:00', 20, 26),
	(81, '2015-07-23 18:00:00', '2015-07-23 19:00:00', 21, 27),
	(82, '2015-07-23 18:00:00', '2015-07-23 19:00:00', 22, 28),
	(83, '2015-07-23 18:00:00', '2015-07-23 19:00:00', 23, 29),
	(84, '2015-07-23 18:00:00', '2015-07-23 19:00:00', 24, 30),
	(85, '2015-07-23 18:00:00', '2015-07-23 19:00:00', 25, 31),
	(86, '2015-07-23 18:00:00', '2015-07-23 19:00:00', 26, 32),
	(87, '2015-07-23 18:00:00', '2015-07-23 19:00:00', 27, 33),
	(88, '2015-07-23 18:00:00', '2015-07-23 19:00:00', 28, 35),
	(89, '2015-07-23 18:00:00', '2015-07-23 19:00:00', 29, 36),
	(90, '2015-07-23 18:00:00', '2015-07-23 19:00:00', 30, 37),
	(91, '2015-07-23 19:00:00', '2015-07-23 20:00:00', 31, 1),
	(92, '2015-07-23 19:00:00', '2015-07-23 20:00:00', 32, 2),
	(93, '2015-07-23 19:00:00', '2015-07-23 20:00:00', 33, 3),
	(94, '2015-07-23 19:00:00', '2015-07-23 20:00:00', 34, 4),
	(95, '2015-07-23 19:00:00', '2015-07-23 20:00:00', 35, 5),
	(96, '2015-07-23 19:00:00', '2015-07-23 20:00:00', 36, 6),
	(97, '2015-07-23 19:00:00', '2015-07-23 20:00:00', 37, 7),
	(98, '2015-07-23 19:00:00', '2015-07-23 20:00:00', 38, 9),
	(99, '2015-07-23 19:00:00', '2015-07-23 20:00:00', 39, 10),
	(100, '2015-07-23 19:00:00', '2015-07-23 20:00:00', 40, 11),
	(101, '2015-07-23 19:00:00', '2015-07-23 20:00:00', 41, 12),
	(102, '2015-07-23 19:00:00', '2015-07-23 20:00:00', 42, 13),
	(103, '2015-07-23 19:00:00', '2015-07-23 20:00:00', 43, 16),
	(104, '2015-07-23 19:00:00', '2015-07-23 20:00:00', 44, 17),
	(105, '2015-07-23 19:00:00', '2015-07-23 20:00:00', 45, 18),
	(106, '2015-07-23 19:00:00', '2015-07-23 20:00:00', 46, 19),
	(107, '2015-07-23 19:00:00', '2015-07-23 20:00:00', 47, 21),
	(108, '2015-07-23 19:00:00', '2015-07-23 20:00:00', 48, 23),
	(109, '2015-07-23 19:00:00', '2015-07-23 20:00:00', 49, 25),
	(110, '2015-07-23 19:00:00', '2015-07-23 20:00:00', 50, 26),
	(111, '2015-07-23 19:00:00', '2015-07-23 20:00:00', 51, 27),
	(112, '2015-07-23 19:00:00', '2015-07-23 20:00:00', 52, 28),
	(113, '2015-07-23 19:00:00', '2015-07-23 20:00:00', 53, 29),
	(114, '2015-07-23 19:00:00', '2015-07-23 20:00:00', 54, 30),
	(115, '2015-07-23 19:00:00', '2015-07-23 20:00:00', 55, 31),
	(116, '2015-07-23 19:00:00', '2015-07-23 20:00:00', 56, 32),
	(117, '2015-07-23 19:00:00', '2015-07-23 20:00:00', 57, 33),
	(118, '2015-07-23 19:00:00', '2015-07-23 20:00:00', 58, 35),
	(119, '2015-07-23 19:00:00', '2015-07-23 20:00:00', 59, 36),
	(120, '2015-07-23 19:00:00', '2015-07-23 20:00:00', 60, 37),
	(121, '2015-07-23 20:00:00', '2015-11-10 21:00:00', 1, 1),
	(122, '2015-07-23 20:00:00', '2015-11-10 21:00:00', 2, 2),
	(123, '2015-07-23 20:00:00', '2015-11-10 21:00:00', 3, 3),
	(124, '2015-07-23 20:00:00', '2015-11-10 21:00:00', 4, 4),
	(125, '2015-07-23 20:00:00', '2015-11-10 21:00:00', 5, 5),
	(126, '2015-07-23 20:00:00', '2015-11-10 21:00:00', 6, 6),
	(127, '2015-07-23 20:00:00', '2015-11-10 21:00:00', 7, 7),
	(128, '2015-07-23 20:00:00', '2015-11-10 21:00:00', 8, 9),
	(129, '2015-07-23 20:00:00', '2015-11-10 21:00:00', 9, 10),
	(130, '2015-07-23 20:00:00', '2015-11-10 21:00:00', 10, 11),
	(131, '2015-07-23 20:00:00', '2015-11-10 21:00:00', 11, 12),
	(132, '2015-07-23 20:00:00', '2015-11-10 21:00:00', 12, 13),
	(133, '2015-07-23 20:00:00', '2015-11-10 21:00:00', 13, 16),
	(134, '2015-07-23 20:00:00', '2015-11-10 21:00:00', 14, 17),
	(135, '2015-07-23 20:00:00', '2015-11-10 21:00:00', 15, 18),
	(136, '2015-07-23 20:00:00', '2015-11-10 21:00:00', 16, 19),
	(137, '2015-07-23 20:00:00', '2015-11-10 21:00:00', 17, 21),
	(138, '2015-07-23 20:00:00', '2015-11-10 21:00:00', 18, 23),
	(139, '2015-07-23 20:00:00', '2015-11-10 21:00:00', 19, 25),
	(140, '2015-07-23 20:00:00', '2015-11-10 21:00:00', 20, 26),
	(141, '2015-07-23 20:00:00', '2015-11-10 21:00:00', 21, 27),
	(142, '2015-07-23 20:00:00', '2015-11-10 21:00:00', 22, 28),
	(143, '2015-07-23 20:00:00', '2015-11-10 21:00:00', 23, 29),
	(144, '2015-07-23 20:00:00', '2015-11-10 21:00:00', 24, 30),
	(145, '2015-07-23 20:00:00', '2015-11-10 21:00:00', 25, 31),
	(146, '2015-07-23 20:00:00', '2015-11-10 21:00:00', 26, 32),
	(147, '2015-07-23 20:00:00', '2015-11-10 21:00:00', 27, 33),
	(148, '2015-07-23 20:00:00', '2015-11-10 21:00:00', 28, 35),
	(149, '2015-07-23 20:00:00', '2015-11-10 21:00:00', 29, 36),
	(150, '2015-07-23 20:00:00', '2015-11-10 21:00:00', 30, 37),
	(151, '2015-07-23 21:00:00', '2015-07-23 22:00:00', 31, 1),
	(152, '2015-07-23 21:00:00', '2015-07-23 22:00:00', 32, 2),
	(153, '2015-07-23 21:00:00', '2015-07-23 22:00:00', 33, 3),
	(154, '2015-07-23 21:00:00', '2015-07-23 22:00:00', 34, 4),
	(155, '2015-07-23 21:00:00', '2015-07-23 22:00:00', 35, 5),
	(156, '2015-07-23 21:00:00', '2015-07-23 22:00:00', 36, 6),
	(157, '2015-07-23 21:00:00', '2015-07-23 22:00:00', 37, 7),
	(158, '2015-07-23 21:00:00', '2015-07-23 22:00:00', 38, 9),
	(159, '2015-07-23 21:00:00', '2015-07-23 22:00:00', 39, 10),
	(160, '2015-07-23 21:00:00', '2015-07-23 22:00:00', 40, 11),
	(161, '2015-07-23 21:00:00', '2015-07-23 22:00:00', 41, 12),
	(162, '2015-07-23 21:00:00', '2015-07-23 22:00:00', 42, 13),
	(163, '2015-07-23 21:00:00', '2015-07-23 22:00:00', 43, 16),
	(164, '2015-07-23 21:00:00', '2015-07-23 22:00:00', 44, 17),
	(165, '2015-07-23 21:00:00', '2015-07-23 22:00:00', 45, 18),
	(166, '2015-07-23 21:00:00', '2015-07-23 22:00:00', 46, 19),
	(167, '2015-07-23 21:00:00', '2015-07-23 22:00:00', 47, 21),
	(168, '2015-07-23 21:00:00', '2015-07-23 22:00:00', 48, 23),
	(169, '2015-07-23 21:00:00', '2015-07-23 22:00:00', 49, 25),
	(170, '2015-07-23 21:00:00', '2015-07-23 22:00:00', 50, 26),
	(171, '2015-07-23 21:00:00', '2015-07-23 22:00:00', 51, 27),
	(172, '2015-07-23 21:00:00', '2015-07-23 22:00:00', 52, 28),
	(173, '2015-07-23 21:00:00', '2015-07-23 22:00:00', 53, 29),
	(174, '2015-07-23 21:00:00', '2015-07-23 22:00:00', 54, 30),
	(175, '2015-07-23 21:00:00', '2015-07-23 22:00:00', 55, 31),
	(176, '2015-07-23 21:00:00', '2015-07-23 22:00:00', 56, 32),
	(177, '2015-07-23 21:00:00', '2015-07-23 22:00:00', 57, 33),
	(178, '2015-07-23 21:00:00', '2015-07-23 22:00:00', 58, 35),
	(179, '2015-07-23 21:00:00', '2015-07-23 22:00:00', 59, 36),
	(180, '2015-07-23 21:00:00', '2015-07-23 22:00:00', 60, 37),
	(181, '2015-07-23 22:00:00', '2015-07-23 23:00:00', 1, 1),
	(182, '2015-07-23 22:00:00', '2015-07-23 23:00:00', 2, 2),
	(183, '2015-07-23 22:00:00', '2015-07-23 23:00:00', 3, 3),
	(184, '2015-07-23 22:00:00', '2015-07-23 23:00:00', 4, 4),
	(185, '2015-07-23 22:00:00', '2015-07-23 23:00:00', 5, 5),
	(186, '2015-07-23 22:00:00', '2015-07-23 23:00:00', 6, 6),
	(187, '2015-07-23 22:00:00', '2015-07-23 23:00:00', 7, 7),
	(188, '2015-07-23 22:00:00', '2015-07-23 23:00:00', 8, 9),
	(189, '2015-07-23 22:00:00', '2015-07-23 23:00:00', 9, 10),
	(190, '2015-07-23 22:00:00', '2015-07-23 23:00:00', 10, 11),
	(191, '2015-07-23 22:00:00', '2015-07-23 23:00:00', 11, 12),
	(192, '2015-07-23 22:00:00', '2015-07-23 23:00:00', 12, 13),
	(193, '2015-07-23 22:00:00', '2015-07-23 23:00:00', 13, 16),
	(194, '2015-07-23 22:00:00', '2015-07-23 23:00:00', 14, 17),
	(195, '2015-07-23 22:00:00', '2015-07-23 23:00:00', 15, 18),
	(196, '2015-07-23 22:00:00', '2015-07-23 23:00:00', 16, 19),
	(197, '2015-07-23 22:00:00', '2015-07-23 23:00:00', 17, 21),
	(198, '2015-07-23 22:00:00', '2015-07-23 23:00:00', 18, 23),
	(199, '2015-07-23 22:00:00', '2015-07-23 23:00:00', 19, 25),
	(200, '2015-07-23 22:00:00', '2015-07-23 23:00:00', 20, 26),
	(201, '2015-07-23 22:00:00', '2015-07-23 23:00:00', 21, 27),
	(202, '2015-07-23 22:00:00', '2015-07-23 23:00:00', 22, 28),
	(203, '2015-07-23 22:00:00', '2015-07-23 23:00:00', 23, 29),
	(204, '2015-07-23 22:00:00', '2015-07-23 23:00:00', 24, 30),
	(205, '2015-07-23 22:00:00', '2015-07-23 23:00:00', 25, 31),
	(206, '2015-07-23 22:00:00', '2015-07-23 23:00:00', 26, 32),
	(207, '2015-07-23 22:00:00', '2015-07-23 23:00:00', 27, 33),
	(208, '2015-07-23 22:00:00', '2015-07-23 23:00:00', 28, 35),
	(209, '2015-07-23 22:00:00', '2015-07-23 23:00:00', 29, 36),
	(210, '2015-07-23 22:00:00', '2015-07-23 23:00:00', 30, 37),
	(211, '2015-07-24 16:00:00', '2015-07-23 17:00:00', 31, 1),
	(212, '2015-07-24 16:00:00', '2015-07-23 17:00:00', 32, 2),
	(213, '2015-07-24 16:00:00', '2015-07-23 17:00:00', 33, 3),
	(214, '2015-07-24 16:00:00', '2015-07-23 17:00:00', 34, 4),
	(215, '2015-07-24 16:00:00', '2015-07-23 17:00:00', 35, 5),
	(216, '2015-07-24 16:00:00', '2015-07-23 17:00:00', 36, 6),
	(217, '2015-07-24 16:00:00', '2015-07-23 17:00:00', 37, 7),
	(218, '2015-07-24 16:00:00', '2015-07-23 17:00:00', 38, 9),
	(219, '2015-07-24 16:00:00', '2015-07-23 17:00:00', 39, 10),
	(220, '2015-07-24 16:00:00', '2015-07-23 17:00:00', 40, 11),
	(221, '2015-07-24 16:00:00', '2015-07-23 17:00:00', 41, 12),
	(222, '2015-07-24 16:00:00', '2015-07-23 17:00:00', 42, 13),
	(223, '2015-07-24 16:00:00', '2015-07-23 17:00:00', 43, 16),
	(224, '2015-07-24 16:00:00', '2015-07-23 17:00:00', 44, 17),
	(225, '2015-07-24 16:00:00', '2015-07-23 17:00:00', 45, 18),
	(226, '2015-07-24 16:00:00', '2015-07-23 17:00:00', 46, 19),
	(227, '2015-07-24 16:00:00', '2015-07-23 17:00:00', 47, 21),
	(228, '2015-07-24 16:00:00', '2015-07-23 17:00:00', 48, 23),
	(229, '2015-07-24 16:00:00', '2015-07-23 17:00:00', 49, 25),
	(230, '2015-07-24 16:00:00', '2015-07-23 17:00:00', 50, 26),
	(231, '2015-07-24 16:00:00', '2015-07-23 17:00:00', 51, 27),
	(232, '2015-07-24 16:00:00', '2015-07-23 17:00:00', 52, 28),
	(233, '2015-07-24 16:00:00', '2015-07-23 17:00:00', 53, 29),
	(234, '2015-07-24 16:00:00', '2015-07-23 17:00:00', 54, 30),
	(235, '2015-07-24 16:00:00', '2015-07-23 17:00:00', 55, 31),
	(236, '2015-07-24 16:00:00', '2015-07-23 17:00:00', 56, 32),
	(237, '2015-07-24 16:00:00', '2015-07-23 17:00:00', 57, 33),
	(238, '2015-07-24 16:00:00', '2015-07-23 17:00:00', 58, 35),
	(239, '2015-07-24 16:00:00', '2015-07-23 17:00:00', 59, 36),
	(240, '2015-07-24 16:00:00', '2015-07-23 17:00:00', 60, 37),
	(241, '2015-07-24 17:00:00', '2015-07-23 18:00:00', 1, 1),
	(242, '2015-07-24 17:00:00', '2015-07-23 18:00:00', 2, 2),
	(243, '2015-07-24 17:00:00', '2015-07-23 18:00:00', 3, 3),
	(244, '2015-07-24 17:00:00', '2015-07-23 18:00:00', 4, 4),
	(245, '2015-07-24 17:00:00', '2015-07-23 18:00:00', 5, 5),
	(246, '2015-07-24 17:00:00', '2015-07-23 18:00:00', 6, 6),
	(247, '2015-07-24 17:00:00', '2015-07-23 18:00:00', 7, 7),
	(248, '2015-07-24 17:00:00', '2015-07-23 18:00:00', 8, 9),
	(249, '2015-07-24 17:00:00', '2015-07-23 18:00:00', 9, 10),
	(250, '2015-07-24 17:00:00', '2015-07-23 18:00:00', 10, 11),
	(251, '2015-07-24 17:00:00', '2015-07-23 18:00:00', 11, 12),
	(252, '2015-07-24 17:00:00', '2015-07-23 18:00:00', 12, 13),
	(253, '2015-07-24 17:00:00', '2015-07-23 18:00:00', 13, 16),
	(254, '2015-07-24 17:00:00', '2015-07-23 18:00:00', 14, 17),
	(255, '2015-07-24 17:00:00', '2015-07-23 18:00:00', 15, 18),
	(256, '2015-07-24 17:00:00', '2015-07-23 18:00:00', 16, 19),
	(257, '2015-07-24 17:00:00', '2015-07-23 18:00:00', 17, 21),
	(258, '2015-07-24 17:00:00', '2015-07-23 18:00:00', 18, 23),
	(259, '2015-07-24 17:00:00', '2015-07-23 18:00:00', 19, 25),
	(260, '2015-07-24 17:00:00', '2015-07-23 18:00:00', 20, 26),
	(261, '2015-07-24 17:00:00', '2015-07-23 18:00:00', 21, 27),
	(262, '2015-07-24 17:00:00', '2015-07-23 18:00:00', 22, 28),
	(263, '2015-07-24 17:00:00', '2015-07-23 18:00:00', 23, 29),
	(264, '2015-07-24 17:00:00', '2015-07-23 18:00:00', 24, 30),
	(265, '2015-07-24 17:00:00', '2015-07-23 18:00:00', 25, 31),
	(266, '2015-07-24 17:00:00', '2015-07-23 18:00:00', 26, 32),
	(267, '2015-07-24 17:00:00', '2015-07-23 18:00:00', 27, 33),
	(268, '2015-07-24 17:00:00', '2015-07-23 18:00:00', 28, 35),
	(269, '2015-07-24 17:00:00', '2015-07-23 18:00:00', 29, 36),
	(270, '2015-07-24 17:00:00', '2015-07-23 18:00:00', 30, 37),
	(271, '2015-07-24 18:00:00', '2015-07-23 19:00:00', 31, 1),
	(272, '2015-07-24 18:00:00', '2015-07-23 19:00:00', 32, 2),
	(273, '2015-07-24 18:00:00', '2015-07-23 19:00:00', 33, 3),
	(274, '2015-07-24 18:00:00', '2015-07-23 19:00:00', 34, 4),
	(275, '2015-07-24 18:00:00', '2015-07-23 19:00:00', 35, 5),
	(276, '2015-07-24 18:00:00', '2015-07-23 19:00:00', 36, 6),
	(277, '2015-07-24 18:00:00', '2015-07-23 19:00:00', 37, 7),
	(278, '2015-07-24 18:00:00', '2015-07-23 19:00:00', 38, 9),
	(279, '2015-07-24 18:00:00', '2015-07-23 19:00:00', 39, 10),
	(280, '2015-07-24 18:00:00', '2015-07-23 19:00:00', 40, 11),
	(281, '2015-07-24 18:00:00', '2015-07-23 19:00:00', 41, 12),
	(282, '2015-07-24 18:00:00', '2015-07-23 19:00:00', 42, 13),
	(283, '2015-07-24 18:00:00', '2015-07-23 19:00:00', 43, 16),
	(284, '2015-07-24 18:00:00', '2015-07-23 19:00:00', 44, 17),
	(285, '2015-07-24 18:00:00', '2015-07-23 19:00:00', 45, 18),
	(286, '2015-07-24 18:00:00', '2015-07-23 19:00:00', 46, 19),
	(287, '2015-07-24 18:00:00', '2015-07-23 19:00:00', 47, 21),
	(288, '2015-07-24 18:00:00', '2015-07-23 19:00:00', 48, 23),
	(289, '2015-07-24 18:00:00', '2015-07-23 19:00:00', 49, 25),
	(290, '2015-07-24 18:00:00', '2015-07-23 19:00:00', 50, 26),
	(291, '2015-07-24 18:00:00', '2015-07-23 19:00:00', 51, 27),
	(292, '2015-07-24 18:00:00', '2015-07-23 19:00:00', 52, 28),
	(293, '2015-07-24 18:00:00', '2015-07-23 19:00:00', 53, 29),
	(294, '2015-07-24 18:00:00', '2015-07-23 19:00:00', 54, 30),
	(295, '2015-07-24 18:00:00', '2015-07-23 19:00:00', 55, 31),
	(296, '2015-07-24 18:00:00', '2015-07-23 19:00:00', 56, 32),
	(297, '2015-07-24 18:00:00', '2015-07-23 19:00:00', 57, 33),
	(298, '2015-07-24 18:00:00', '2015-07-23 19:00:00', 58, 35),
	(299, '2015-07-24 18:00:00', '2015-07-23 19:00:00', 59, 36),
	(300, '2015-07-24 18:00:00', '2015-07-23 19:00:00', 60, 37),
	(301, '2015-07-24 19:00:00', '2015-07-23 20:00:00', 1, 1),
	(302, '2015-07-24 19:00:00', '2015-07-23 20:00:00', 2, 2),
	(303, '2015-07-24 19:00:00', '2015-07-23 20:00:00', 3, 3),
	(304, '2015-07-24 19:00:00', '2015-07-23 20:00:00', 4, 4),
	(305, '2015-07-24 19:00:00', '2015-07-23 20:00:00', 5, 5),
	(306, '2015-07-24 19:00:00', '2015-07-23 20:00:00', 6, 6),
	(307, '2015-07-24 19:00:00', '2015-07-23 20:00:00', 7, 7),
	(308, '2015-07-24 19:00:00', '2015-07-23 20:00:00', 8, 9),
	(309, '2015-07-24 19:00:00', '2015-07-23 20:00:00', 9, 10),
	(310, '2015-07-24 19:00:00', '2015-07-23 20:00:00', 10, 11),
	(311, '2015-07-24 19:00:00', '2015-07-23 20:00:00', 11, 12),
	(312, '2015-07-24 19:00:00', '2015-07-23 20:00:00', 12, 13),
	(313, '2015-07-24 19:00:00', '2015-07-23 20:00:00', 13, 16),
	(314, '2015-07-24 19:00:00', '2015-07-23 20:00:00', 14, 17),
	(315, '2015-07-24 19:00:00', '2015-07-23 20:00:00', 15, 18),
	(316, '2015-07-24 19:00:00', '2015-07-23 20:00:00', 16, 19),
	(317, '2015-07-24 19:00:00', '2015-07-23 20:00:00', 17, 21),
	(318, '2015-07-24 19:00:00', '2015-07-23 20:00:00', 18, 23),
	(319, '2015-07-24 19:00:00', '2015-07-23 20:00:00', 19, 25),
	(320, '2015-07-24 19:00:00', '2015-07-23 20:00:00', 20, 26),
	(321, '2015-07-24 19:00:00', '2015-07-23 20:00:00', 21, 27),
	(322, '2015-07-24 19:00:00', '2015-07-23 20:00:00', 22, 28),
	(323, '2015-07-24 19:00:00', '2015-07-23 20:00:00', 23, 29),
	(324, '2015-07-24 19:00:00', '2015-07-23 20:00:00', 24, 30),
	(325, '2015-07-24 19:00:00', '2015-07-23 20:00:00', 25, 31),
	(326, '2015-07-24 19:00:00', '2015-07-23 20:00:00', 26, 32),
	(327, '2015-07-24 19:00:00', '2015-07-23 20:00:00', 27, 33),
	(328, '2015-07-24 19:00:00', '2015-07-23 20:00:00', 28, 35),
	(329, '2015-07-24 19:00:00', '2015-07-23 20:00:00', 29, 36),
	(330, '2015-07-24 19:00:00', '2015-07-23 20:00:00', 30, 37),
	(331, '2015-07-24 20:00:00', '2015-11-10 21:00:00', 31, 1),
	(332, '2015-07-24 20:00:00', '2015-11-10 21:00:00', 32, 2),
	(333, '2015-07-24 20:00:00', '2015-11-10 21:00:00', 33, 3),
	(334, '2015-07-24 20:00:00', '2015-11-10 21:00:00', 34, 4),
	(335, '2015-07-24 20:00:00', '2015-11-10 21:00:00', 35, 5),
	(336, '2015-07-24 20:00:00', '2015-11-10 21:00:00', 36, 6),
	(337, '2015-07-24 20:00:00', '2015-11-10 21:00:00', 37, 7),
	(338, '2015-07-24 20:00:00', '2015-11-10 21:00:00', 38, 9),
	(339, '2015-07-24 20:00:00', '2015-11-10 21:00:00', 39, 10),
	(340, '2015-07-24 20:00:00', '2015-11-10 21:00:00', 40, 11),
	(341, '2015-07-24 20:00:00', '2015-11-10 21:00:00', 41, 12),
	(342, '2015-07-24 20:00:00', '2015-11-10 21:00:00', 42, 13),
	(343, '2015-07-24 20:00:00', '2015-11-10 21:00:00', 43, 16),
	(344, '2015-07-24 20:00:00', '2015-11-10 21:00:00', 44, 17),
	(345, '2015-07-24 20:00:00', '2015-11-10 21:00:00', 45, 18),
	(346, '2015-07-24 20:00:00', '2015-11-10 21:00:00', 46, 19),
	(347, '2015-07-24 20:00:00', '2015-11-10 21:00:00', 47, 21),
	(348, '2015-07-24 20:00:00', '2015-11-10 21:00:00', 48, 23),
	(349, '2015-07-24 20:00:00', '2015-11-10 21:00:00', 49, 25),
	(350, '2015-07-24 20:00:00', '2015-11-10 21:00:00', 50, 26),
	(351, '2015-07-24 20:00:00', '2015-11-10 21:00:00', 51, 27),
	(352, '2015-07-24 20:00:00', '2015-11-10 21:00:00', 52, 28),
	(353, '2015-07-24 20:00:00', '2015-11-10 21:00:00', 53, 29),
	(354, '2015-07-24 20:00:00', '2015-11-10 21:00:00', 54, 30),
	(355, '2015-07-24 20:00:00', '2015-11-10 21:00:00', 55, 31),
	(356, '2015-07-24 20:00:00', '2015-11-10 21:00:00', 56, 32),
	(357, '2015-07-24 20:00:00', '2015-11-10 21:00:00', 57, 33),
	(358, '2015-07-24 20:00:00', '2015-11-10 21:00:00', 58, 35),
	(359, '2015-07-24 20:00:00', '2015-11-10 21:00:00', 59, 36),
	(360, '2015-07-24 20:00:00', '2015-11-10 21:00:00', 60, 37),
	(361, '2015-07-24 21:00:00', '2015-07-23 22:00:00', 1, 1),
	(362, '2015-07-24 21:00:00', '2015-07-23 22:00:00', 2, 2),
	(363, '2015-07-24 21:00:00', '2015-07-23 22:00:00', 3, 3),
	(364, '2015-07-24 21:00:00', '2015-07-23 22:00:00', 4, 4),
	(365, '2015-07-24 21:00:00', '2015-07-23 22:00:00', 5, 5),
	(366, '2015-07-24 21:00:00', '2015-07-23 22:00:00', 6, 6),
	(367, '2015-07-24 21:00:00', '2015-07-23 22:00:00', 7, 7),
	(368, '2015-07-24 21:00:00', '2015-07-23 22:00:00', 8, 9),
	(369, '2015-07-24 21:00:00', '2015-07-23 22:00:00', 9, 10),
	(370, '2015-07-24 21:00:00', '2015-07-23 22:00:00', 10, 11),
	(371, '2015-07-24 21:00:00', '2015-07-23 22:00:00', 11, 12),
	(372, '2015-07-24 21:00:00', '2015-07-23 22:00:00', 12, 13),
	(373, '2015-07-24 21:00:00', '2015-07-23 22:00:00', 13, 16),
	(374, '2015-07-24 21:00:00', '2015-07-23 22:00:00', 14, 17),
	(375, '2015-07-24 21:00:00', '2015-07-23 22:00:00', 15, 18),
	(376, '2015-07-24 21:00:00', '2015-07-23 22:00:00', 16, 19),
	(377, '2015-07-24 21:00:00', '2015-07-23 22:00:00', 17, 21),
	(378, '2015-07-24 21:00:00', '2015-07-23 22:00:00', 18, 23),
	(379, '2015-07-24 21:00:00', '2015-07-23 22:00:00', 19, 25),
	(380, '2015-07-24 21:00:00', '2015-07-23 22:00:00', 20, 26),
	(381, '2015-07-24 21:00:00', '2015-07-23 22:00:00', 21, 27),
	(382, '2015-07-24 21:00:00', '2015-07-23 22:00:00', 22, 28),
	(383, '2015-07-24 21:00:00', '2015-07-23 22:00:00', 23, 29),
	(384, '2015-07-24 21:00:00', '2015-07-23 22:00:00', 24, 30),
	(385, '2015-07-24 21:00:00', '2015-07-23 22:00:00', 25, 31),
	(386, '2015-07-24 21:00:00', '2015-07-23 22:00:00', 26, 32),
	(387, '2015-07-24 21:00:00', '2015-07-23 22:00:00', 27, 33),
	(388, '2015-07-24 21:00:00', '2015-07-23 22:00:00', 28, 35),
	(389, '2015-07-24 21:00:00', '2015-07-23 22:00:00', 29, 36),
	(390, '2015-07-24 21:00:00', '2015-07-23 22:00:00', 30, 37),
	(391, '2015-07-24 22:00:00', '2015-07-23 23:00:00', 31, 1),
	(392, '2015-07-24 22:00:00', '2015-07-23 23:00:00', 32, 2),
	(393, '2015-07-24 22:00:00', '2015-07-23 23:00:00', 33, 3),
	(394, '2015-07-24 22:00:00', '2015-07-23 23:00:00', 34, 4),
	(395, '2015-07-24 22:00:00', '2015-07-23 23:00:00', 35, 5),
	(396, '2015-07-24 22:00:00', '2015-07-23 23:00:00', 36, 6),
	(397, '2015-07-24 22:00:00', '2015-07-23 23:00:00', 37, 7),
	(398, '2015-07-24 22:00:00', '2015-07-23 23:00:00', 38, 9),
	(399, '2015-07-24 22:00:00', '2015-07-23 23:00:00', 39, 10),
	(400, '2015-07-24 22:00:00', '2015-07-23 23:00:00', 40, 11),
	(401, '2015-07-24 22:00:00', '2015-07-23 23:00:00', 41, 12),
	(402, '2015-07-24 22:00:00', '2015-07-23 23:00:00', 42, 13),
	(403, '2015-07-24 22:00:00', '2015-07-23 23:00:00', 43, 16),
	(404, '2015-07-24 22:00:00', '2015-07-23 23:00:00', 44, 17),
	(405, '2015-07-24 22:00:00', '2015-07-23 23:00:00', 45, 18),
	(406, '2015-07-24 22:00:00', '2015-07-23 23:00:00', 46, 19),
	(407, '2015-07-24 22:00:00', '2015-07-23 23:00:00', 47, 21),
	(408, '2015-07-24 22:00:00', '2015-07-23 23:00:00', 48, 23),
	(409, '2015-07-24 22:00:00', '2015-07-23 23:00:00', 49, 25),
	(410, '2015-07-24 22:00:00', '2015-07-23 23:00:00', 50, 26),
	(411, '2015-07-24 22:00:00', '2015-07-23 23:00:00', 51, 27),
	(412, '2015-07-24 22:00:00', '2015-07-23 23:00:00', 52, 28),
	(413, '2015-07-24 22:00:00', '2015-07-23 23:00:00', 53, 29),
	(414, '2015-07-24 22:00:00', '2015-07-23 23:00:00', 54, 30),
	(415, '2015-07-24 22:00:00', '2015-07-23 23:00:00', 55, 31),
	(416, '2015-07-24 22:00:00', '2015-07-23 23:00:00', 56, 32),
	(417, '2015-07-24 22:00:00', '2015-07-23 23:00:00', 57, 33),
	(418, '2015-07-24 22:00:00', '2015-07-23 23:00:00', 58, 35),
	(419, '2015-07-24 22:00:00', '2015-07-23 23:00:00', 59, 36),
	(420, '2015-07-24 22:00:00', '2015-07-23 23:00:00', 60, 37),
	(421, '2015-07-25 16:00:00', '2015-07-23 17:00:00', 1, 1),
	(422, '2015-07-25 16:00:00', '2015-07-23 17:00:00', 2, 2),
	(423, '2015-07-25 16:00:00', '2015-07-23 17:00:00', 3, 3),
	(424, '2015-07-25 16:00:00', '2015-07-23 17:00:00', 4, 4),
	(425, '2015-07-25 16:00:00', '2015-07-23 17:00:00', 5, 5),
	(426, '2015-07-25 16:00:00', '2015-07-23 17:00:00', 6, 6),
	(427, '2015-07-25 16:00:00', '2015-07-23 17:00:00', 7, 7),
	(428, '2015-07-25 16:00:00', '2015-07-23 17:00:00', 8, 9),
	(429, '2015-07-25 16:00:00', '2015-07-23 17:00:00', 9, 10),
	(430, '2015-07-25 16:00:00', '2015-07-23 17:00:00', 10, 11),
	(431, '2015-07-25 16:00:00', '2015-07-23 17:00:00', 11, 12),
	(432, '2015-07-25 16:00:00', '2015-07-23 17:00:00', 12, 13),
	(433, '2015-07-25 16:00:00', '2015-07-23 17:00:00', 13, 16),
	(434, '2015-07-25 16:00:00', '2015-07-23 17:00:00', 14, 17),
	(435, '2015-07-25 16:00:00', '2015-07-23 17:00:00', 15, 18),
	(436, '2015-07-25 16:00:00', '2015-07-23 17:00:00', 16, 19),
	(437, '2015-07-25 16:00:00', '2015-07-23 17:00:00', 17, 21),
	(438, '2015-07-25 16:00:00', '2015-07-23 17:00:00', 18, 23),
	(439, '2015-07-25 16:00:00', '2015-07-23 17:00:00', 19, 25),
	(440, '2015-07-25 16:00:00', '2015-07-23 17:00:00', 20, 26),
	(441, '2015-07-25 16:00:00', '2015-07-23 17:00:00', 21, 27),
	(442, '2015-07-25 16:00:00', '2015-07-23 17:00:00', 22, 28),
	(443, '2015-07-25 16:00:00', '2015-07-23 17:00:00', 23, 29),
	(444, '2015-07-25 16:00:00', '2015-07-23 17:00:00', 24, 30),
	(445, '2015-07-25 16:00:00', '2015-07-23 17:00:00', 25, 31),
	(446, '2015-07-25 16:00:00', '2015-07-23 17:00:00', 26, 32),
	(447, '2015-07-25 16:00:00', '2015-07-23 17:00:00', 27, 33),
	(448, '2015-07-25 16:00:00', '2015-07-23 17:00:00', 28, 35),
	(449, '2015-07-25 16:00:00', '2015-07-23 17:00:00', 29, 36),
	(450, '2015-07-25 16:00:00', '2015-07-23 17:00:00', 30, 37),
	(451, '2015-07-25 17:00:00', '2015-07-23 18:00:00', 31, 1),
	(452, '2015-07-25 17:00:00', '2015-07-23 18:00:00', 32, 2),
	(453, '2015-07-25 17:00:00', '2015-07-23 18:00:00', 33, 3),
	(454, '2015-07-25 17:00:00', '2015-07-23 18:00:00', 34, 4),
	(455, '2015-07-25 17:00:00', '2015-07-23 18:00:00', 35, 5),
	(456, '2015-07-25 17:00:00', '2015-07-23 18:00:00', 36, 6),
	(457, '2015-07-25 17:00:00', '2015-07-23 18:00:00', 37, 7),
	(458, '2015-07-25 17:00:00', '2015-07-23 18:00:00', 38, 9),
	(459, '2015-07-25 17:00:00', '2015-07-23 18:00:00', 39, 10),
	(460, '2015-07-25 17:00:00', '2015-07-23 18:00:00', 40, 11),
	(461, '2015-07-25 17:00:00', '2015-07-23 18:00:00', 41, 12),
	(462, '2015-07-25 17:00:00', '2015-07-23 18:00:00', 42, 13),
	(463, '2015-07-25 17:00:00', '2015-07-23 18:00:00', 43, 16),
	(464, '2015-07-25 17:00:00', '2015-07-23 18:00:00', 44, 17),
	(465, '2015-07-25 17:00:00', '2015-07-23 18:00:00', 45, 18),
	(466, '2015-07-25 17:00:00', '2015-07-23 18:00:00', 46, 19),
	(467, '2015-07-25 17:00:00', '2015-07-23 18:00:00', 47, 21),
	(468, '2015-07-25 17:00:00', '2015-07-23 18:00:00', 48, 23),
	(469, '2015-07-25 17:00:00', '2015-07-23 18:00:00', 49, 25),
	(470, '2015-07-25 17:00:00', '2015-07-23 18:00:00', 50, 26),
	(471, '2015-07-25 17:00:00', '2015-07-23 18:00:00', 51, 27),
	(472, '2015-07-25 17:00:00', '2015-07-23 18:00:00', 52, 28),
	(473, '2015-07-25 17:00:00', '2015-07-23 18:00:00', 53, 29),
	(474, '2015-07-25 17:00:00', '2015-07-23 18:00:00', 54, 30),
	(475, '2015-07-25 17:00:00', '2015-07-23 18:00:00', 55, 31),
	(476, '2015-07-25 17:00:00', '2015-07-23 18:00:00', 56, 32),
	(477, '2015-07-25 17:00:00', '2015-07-23 18:00:00', 57, 33),
	(478, '2015-07-25 17:00:00', '2015-07-23 18:00:00', 58, 35),
	(479, '2015-07-25 17:00:00', '2015-07-23 18:00:00', 59, 36),
	(480, '2015-07-25 17:00:00', '2015-07-23 18:00:00', 60, 37),
	(481, '2015-07-25 18:00:00', '2015-07-23 19:00:00', 1, 1),
	(482, '2015-07-25 18:00:00', '2015-07-23 19:00:00', 2, 2),
	(483, '2015-07-25 18:00:00', '2015-07-23 19:00:00', 3, 3),
	(484, '2015-07-25 18:00:00', '2015-07-23 19:00:00', 4, 4),
	(485, '2015-07-25 18:00:00', '2015-07-23 19:00:00', 5, 5),
	(486, '2015-07-25 18:00:00', '2015-07-23 19:00:00', 6, 6),
	(487, '2015-07-25 18:00:00', '2015-07-23 19:00:00', 7, 7),
	(488, '2015-07-25 18:00:00', '2015-07-23 19:00:00', 8, 9),
	(489, '2015-07-25 18:00:00', '2015-07-23 19:00:00', 9, 10),
	(490, '2015-07-25 18:00:00', '2015-07-23 19:00:00', 10, 11),
	(491, '2015-07-25 18:00:00', '2015-07-23 19:00:00', 11, 12),
	(492, '2015-07-25 18:00:00', '2015-07-23 19:00:00', 12, 13),
	(493, '2015-07-25 18:00:00', '2015-07-23 19:00:00', 13, 16),
	(494, '2015-07-25 18:00:00', '2015-07-23 19:00:00', 14, 17),
	(495, '2015-07-25 18:00:00', '2015-07-23 19:00:00', 15, 18),
	(496, '2015-07-25 18:00:00', '2015-07-23 19:00:00', 16, 19),
	(497, '2015-07-25 18:00:00', '2015-07-23 19:00:00', 17, 21),
	(498, '2015-07-25 18:00:00', '2015-07-23 19:00:00', 18, 23),
	(499, '2015-07-25 18:00:00', '2015-07-23 19:00:00', 19, 25),
	(500, '2015-07-25 18:00:00', '2015-07-23 19:00:00', 20, 26),
	(501, '2015-07-25 18:00:00', '2015-07-23 19:00:00', 21, 27),
	(502, '2015-07-25 18:00:00', '2015-07-23 19:00:00', 22, 28),
	(503, '2015-07-25 18:00:00', '2015-07-23 19:00:00', 23, 29),
	(504, '2015-07-25 18:00:00', '2015-07-23 19:00:00', 24, 30),
	(505, '2015-07-25 18:00:00', '2015-07-23 19:00:00', 25, 31),
	(506, '2015-07-25 18:00:00', '2015-07-23 19:00:00', 26, 32),
	(507, '2015-07-25 18:00:00', '2015-07-23 19:00:00', 27, 33),
	(508, '2015-07-25 18:00:00', '2015-07-23 19:00:00', 28, 35),
	(509, '2015-07-25 18:00:00', '2015-07-23 19:00:00', 29, 36),
	(510, '2015-07-25 18:00:00', '2015-07-23 19:00:00', 30, 37),
	(511, '2015-07-25 19:00:00', '2015-07-23 20:00:00', 31, 1),
	(512, '2015-07-25 19:00:00', '2015-07-23 20:00:00', 32, 2),
	(513, '2015-07-25 19:00:00', '2015-07-23 20:00:00', 33, 3),
	(514, '2015-07-25 19:00:00', '2015-07-23 20:00:00', 34, 4),
	(515, '2015-07-25 19:00:00', '2015-07-23 20:00:00', 35, 5),
	(516, '2015-07-25 19:00:00', '2015-07-23 20:00:00', 36, 6),
	(517, '2015-07-25 19:00:00', '2015-07-23 20:00:00', 37, 7),
	(518, '2015-07-25 19:00:00', '2015-07-23 20:00:00', 38, 9),
	(519, '2015-07-25 19:00:00', '2015-07-23 20:00:00', 39, 10),
	(520, '2015-07-25 19:00:00', '2015-07-23 20:00:00', 40, 11),
	(521, '2015-07-25 19:00:00', '2015-07-23 20:00:00', 41, 12),
	(522, '2015-07-25 19:00:00', '2015-07-23 20:00:00', 42, 13),
	(523, '2015-07-25 19:00:00', '2015-07-23 20:00:00', 43, 16),
	(524, '2015-07-25 19:00:00', '2015-07-23 20:00:00', 44, 17),
	(525, '2015-07-25 19:00:00', '2015-07-23 20:00:00', 45, 18),
	(526, '2015-07-25 19:00:00', '2015-07-23 20:00:00', 46, 19),
	(527, '2015-07-25 19:00:00', '2015-07-23 20:00:00', 47, 21),
	(528, '2015-07-25 19:00:00', '2015-07-23 20:00:00', 48, 23),
	(529, '2015-07-25 19:00:00', '2015-07-23 20:00:00', 49, 25),
	(530, '2015-07-25 19:00:00', '2015-07-23 20:00:00', 50, 26),
	(531, '2015-07-25 19:00:00', '2015-07-23 20:00:00', 51, 27),
	(532, '2015-07-25 19:00:00', '2015-07-23 20:00:00', 52, 28),
	(533, '2015-07-25 19:00:00', '2015-07-23 20:00:00', 53, 29),
	(534, '2015-07-25 19:00:00', '2015-07-23 20:00:00', 54, 30),
	(535, '2015-07-25 19:00:00', '2015-07-23 20:00:00', 55, 31),
	(536, '2015-07-25 19:00:00', '2015-07-23 20:00:00', 56, 32),
	(537, '2015-07-25 19:00:00', '2015-07-23 20:00:00', 57, 33),
	(538, '2015-07-25 19:00:00', '2015-07-23 20:00:00', 58, 35),
	(539, '2015-07-25 19:00:00', '2015-07-23 20:00:00', 59, 36),
	(540, '2015-07-25 19:00:00', '2015-07-23 20:00:00', 60, 37),
	(541, '2015-07-25 20:00:00', '2015-11-10 21:00:00', 1, 1),
	(542, '2015-07-25 20:00:00', '2015-11-10 21:00:00', 2, 2),
	(543, '2015-07-25 20:00:00', '2015-11-10 21:00:00', 3, 3),
	(544, '2015-07-25 20:00:00', '2015-11-10 21:00:00', 4, 4),
	(545, '2015-07-25 20:00:00', '2015-11-10 21:00:00', 5, 5),
	(546, '2015-07-25 20:00:00', '2015-11-10 21:00:00', 6, 6),
	(547, '2015-07-25 20:00:00', '2015-11-10 21:00:00', 7, 7),
	(548, '2015-07-25 20:00:00', '2015-11-10 21:00:00', 8, 9),
	(549, '2015-07-25 20:00:00', '2015-11-10 21:00:00', 9, 10),
	(550, '2015-07-25 20:00:00', '2015-11-10 21:00:00', 10, 11),
	(551, '2015-07-25 20:00:00', '2015-11-10 21:00:00', 11, 12),
	(552, '2015-07-25 20:00:00', '2015-11-10 21:00:00', 12, 13),
	(553, '2015-07-25 20:00:00', '2015-11-10 21:00:00', 13, 16),
	(554, '2015-07-25 20:00:00', '2015-11-10 21:00:00', 14, 17),
	(555, '2015-07-25 20:00:00', '2015-11-10 21:00:00', 15, 18),
	(556, '2015-07-25 20:00:00', '2015-11-10 21:00:00', 16, 19),
	(557, '2015-07-25 20:00:00', '2015-11-10 21:00:00', 17, 21),
	(558, '2015-07-25 20:00:00', '2015-11-10 21:00:00', 18, 23),
	(559, '2015-07-25 20:00:00', '2015-11-10 21:00:00', 19, 25),
	(560, '2015-07-25 20:00:00', '2015-11-10 21:00:00', 20, 26),
	(561, '2015-07-25 20:00:00', '2015-11-10 21:00:00', 21, 27),
	(562, '2015-07-25 20:00:00', '2015-11-10 21:00:00', 22, 28),
	(563, '2015-07-25 20:00:00', '2015-11-10 21:00:00', 23, 29),
	(564, '2015-07-25 20:00:00', '2015-11-10 21:00:00', 24, 30),
	(565, '2015-07-25 20:00:00', '2015-11-10 21:00:00', 25, 31),
	(566, '2015-07-25 20:00:00', '2015-11-10 21:00:00', 26, 32),
	(567, '2015-07-25 20:00:00', '2015-11-10 21:00:00', 27, 33),
	(568, '2015-07-25 20:00:00', '2015-11-10 21:00:00', 28, 35),
	(569, '2015-07-25 20:00:00', '2015-11-10 21:00:00', 29, 36),
	(570, '2015-07-25 20:00:00', '2015-11-10 21:00:00', 30, 37),
	(571, '2015-07-25 21:00:00', '2015-07-23 22:00:00', 31, 1),
	(572, '2015-07-25 21:00:00', '2015-07-23 22:00:00', 32, 2),
	(573, '2015-07-25 21:00:00', '2015-07-23 22:00:00', 33, 3),
	(574, '2015-07-25 21:00:00', '2015-07-23 22:00:00', 34, 4),
	(575, '2015-07-25 21:00:00', '2015-07-23 22:00:00', 35, 5),
	(576, '2015-07-25 21:00:00', '2015-07-23 22:00:00', 36, 6),
	(577, '2015-07-25 21:00:00', '2015-07-23 22:00:00', 37, 7),
	(578, '2015-07-25 21:00:00', '2015-07-23 22:00:00', 38, 9),
	(579, '2015-07-25 21:00:00', '2015-07-23 22:00:00', 39, 10),
	(580, '2015-07-25 21:00:00', '2015-07-23 22:00:00', 40, 11),
	(581, '2015-07-25 21:00:00', '2015-07-23 22:00:00', 41, 12),
	(582, '2015-07-25 21:00:00', '2015-07-23 22:00:00', 42, 13),
	(583, '2015-07-25 21:00:00', '2015-07-23 22:00:00', 43, 16),
	(584, '2015-07-25 21:00:00', '2015-07-23 22:00:00', 44, 17),
	(585, '2015-07-25 21:00:00', '2015-07-23 22:00:00', 45, 18),
	(586, '2015-07-25 21:00:00', '2015-07-23 22:00:00', 46, 19),
	(587, '2015-07-25 21:00:00', '2015-07-23 22:00:00', 47, 21),
	(588, '2015-07-25 21:00:00', '2015-07-23 22:00:00', 48, 23),
	(589, '2015-07-25 21:00:00', '2015-07-23 22:00:00', 49, 25),
	(590, '2015-07-25 21:00:00', '2015-07-23 22:00:00', 50, 26),
	(591, '2015-07-25 21:00:00', '2015-07-23 22:00:00', 51, 27),
	(592, '2015-07-25 21:00:00', '2015-07-23 22:00:00', 52, 28),
	(593, '2015-07-25 21:00:00', '2015-07-23 22:00:00', 53, 29),
	(594, '2015-07-25 21:00:00', '2015-07-23 22:00:00', 54, 30),
	(595, '2015-07-25 21:00:00', '2015-07-23 22:00:00', 55, 31),
	(596, '2015-07-25 21:00:00', '2015-07-23 22:00:00', 56, 32),
	(597, '2015-07-25 21:00:00', '2015-07-23 22:00:00', 57, 33),
	(598, '2015-07-25 21:00:00', '2015-07-23 22:00:00', 58, 35),
	(599, '2015-07-25 21:00:00', '2015-07-23 22:00:00', 59, 36),
	(600, '2015-07-25 21:00:00', '2015-07-23 22:00:00', 60, 37),
	(601, '2015-07-25 22:00:00', '2015-07-23 23:00:00', 1, 1),
	(602, '2015-07-25 22:00:00', '2015-07-23 23:00:00', 2, 2),
	(603, '2015-07-25 22:00:00', '2015-07-23 23:00:00', 3, 3),
	(604, '2015-07-25 22:00:00', '2015-07-23 23:00:00', 4, 4),
	(605, '2015-07-25 22:00:00', '2015-07-23 23:00:00', 5, 5),
	(606, '2015-07-25 22:00:00', '2015-07-23 23:00:00', 6, 6),
	(607, '2015-07-25 22:00:00', '2015-07-23 23:00:00', 7, 7),
	(608, '2015-07-25 22:00:00', '2015-07-23 23:00:00', 8, 9),
	(609, '2015-07-25 22:00:00', '2015-07-23 23:00:00', 9, 10),
	(610, '2015-07-25 22:00:00', '2015-07-23 23:00:00', 10, 11),
	(611, '2015-07-25 22:00:00', '2015-07-23 23:00:00', 11, 12),
	(612, '2015-07-25 22:00:00', '2015-07-23 23:00:00', 12, 13),
	(613, '2015-07-25 22:00:00', '2015-07-23 23:00:00', 13, 16),
	(614, '2015-07-25 22:00:00', '2015-07-23 23:00:00', 14, 17),
	(615, '2015-07-25 22:00:00', '2015-07-23 23:00:00', 15, 18),
	(616, '2015-07-25 22:00:00', '2015-07-23 23:00:00', 16, 19),
	(617, '2015-07-25 22:00:00', '2015-07-23 23:00:00', 17, 21),
	(618, '2015-07-25 22:00:00', '2015-07-23 23:00:00', 18, 23),
	(619, '2015-07-25 22:00:00', '2015-07-23 23:00:00', 19, 25),
	(620, '2015-07-25 22:00:00', '2015-07-23 23:00:00', 20, 26),
	(621, '2015-07-25 22:00:00', '2015-07-23 23:00:00', 21, 27),
	(622, '2015-07-25 22:00:00', '2015-07-23 23:00:00', 22, 28),
	(623, '2015-07-25 22:00:00', '2015-07-23 23:00:00', 23, 29),
	(624, '2015-07-25 22:00:00', '2015-07-23 23:00:00', 24, 30),
	(625, '2015-07-25 22:00:00', '2015-07-23 23:00:00', 25, 31),
	(626, '2015-07-25 22:00:00', '2015-07-23 23:00:00', 26, 32),
	(627, '2015-07-25 22:00:00', '2015-07-23 23:00:00', 27, 33),
	(628, '2015-07-25 22:00:00', '2015-07-23 23:00:00', 28, 35),
	(629, '2015-07-25 22:00:00', '2015-07-23 23:00:00', 29, 36),
	(630, '2015-07-25 22:00:00', '2015-07-23 23:00:00', 30, 37),
	(631, '2016-07-23 16:00:00', '2016-07-23 17:00:00', 31, 1),
	(632, '2016-07-23 16:00:00', '2016-07-23 17:00:00', 32, 2),
	(633, '2016-07-23 16:00:00', '2016-07-23 17:00:00', 33, 3),
	(634, '2016-07-23 16:00:00', '2016-07-23 17:00:00', 34, 4),
	(635, '2016-07-23 16:00:00', '2016-07-23 17:00:00', 35, 5),
	(636, '2016-07-23 16:00:00', '2016-07-23 17:00:00', 36, 6),
	(637, '2016-07-23 16:00:00', '2016-07-23 17:00:00', 37, 7),
	(638, '2016-07-23 16:00:00', '2016-07-23 17:00:00', 38, 9),
	(639, '2016-07-23 16:00:00', '2016-07-23 17:00:00', 39, 10),
	(640, '2016-07-23 16:00:00', '2016-07-23 17:00:00', 40, 11),
	(641, '2016-07-23 16:00:00', '2016-07-23 17:00:00', 41, 12),
	(642, '2016-07-23 16:00:00', '2016-07-23 17:00:00', 42, 13),
	(643, '2016-07-23 16:00:00', '2016-07-23 17:00:00', 43, 16),
	(644, '2016-07-23 16:00:00', '2016-07-23 17:00:00', 44, 17),
	(645, '2016-07-23 16:00:00', '2016-07-23 17:00:00', 45, 18),
	(646, '2016-07-23 16:00:00', '2016-07-23 17:00:00', 46, 19),
	(647, '2016-07-23 16:00:00', '2016-07-23 17:00:00', 47, 21),
	(648, '2016-07-23 16:00:00', '2016-07-23 17:00:00', 48, 23),
	(649, '2016-07-23 16:00:00', '2016-07-23 17:00:00', 49, 25),
	(650, '2016-07-23 16:00:00', '2016-07-23 17:00:00', 50, 26),
	(651, '2016-07-23 16:00:00', '2016-07-23 17:00:00', 51, 27),
	(652, '2016-07-23 16:00:00', '2016-07-23 17:00:00', 52, 28),
	(653, '2016-07-23 16:00:00', '2016-07-23 17:00:00', 53, 29),
	(654, '2016-07-23 16:00:00', '2016-07-23 17:00:00', 54, 30),
	(655, '2016-07-23 16:00:00', '2016-07-23 17:00:00', 55, 31),
	(656, '2016-07-23 16:00:00', '2016-07-23 17:00:00', 56, 32),
	(657, '2016-07-23 16:00:00', '2016-07-23 17:00:00', 57, 33),
	(658, '2016-07-23 16:00:00', '2016-07-23 17:00:00', 58, 35),
	(659, '2016-07-23 16:00:00', '2016-07-23 17:00:00', 59, 36),
	(660, '2016-07-23 16:00:00', '2016-07-23 17:00:00', 60, 37),
	(661, '2016-07-23 17:00:00', '2016-07-23 18:00:00', 1, 2),
	(662, '2016-07-23 17:00:00', '2016-07-23 18:00:00', 2, 3),
	(663, '2016-07-23 17:00:00', '2016-07-23 18:00:00', 3, 4),
	(664, '2016-07-23 17:00:00', '2016-07-23 18:00:00', 4, 5),
	(665, '2016-07-23 17:00:00', '2016-07-23 18:00:00', 5, 6),
	(666, '2016-07-23 17:00:00', '2016-07-23 18:00:00', 6, 8),
	(667, '2016-07-23 17:00:00', '2016-07-23 18:00:00', 7, 9),
	(668, '2016-07-23 17:00:00', '2016-07-23 18:00:00', 8, 10),
	(669, '2016-07-23 17:00:00', '2016-07-23 18:00:00', 9, 11),
	(670, '2016-07-23 17:00:00', '2016-07-23 18:00:00', 10, 13),
	(671, '2016-07-23 17:00:00', '2016-07-23 18:00:00', 11, 16),
	(672, '2016-07-23 17:00:00', '2016-07-23 18:00:00', 12, 18),
	(673, '2016-07-23 17:00:00', '2016-07-23 18:00:00', 13, 20),
	(674, '2016-07-23 17:00:00', '2016-07-23 18:00:00', 14, 21),
	(675, '2016-07-23 17:00:00', '2016-07-23 18:00:00', 15, 22),
	(676, '2016-07-23 17:00:00', '2016-07-23 18:00:00', 16, 23),
	(677, '2016-07-23 17:00:00', '2016-07-23 18:00:00', 17, 24),
	(678, '2016-07-23 17:00:00', '2016-07-23 18:00:00', 18, 25),
	(679, '2016-07-23 17:00:00', '2016-07-23 18:00:00', 19, 26),
	(680, '2016-07-23 17:00:00', '2016-07-23 18:00:00', 20, 27),
	(681, '2016-07-23 17:00:00', '2016-07-23 18:00:00', 21, 28),
	(682, '2016-07-23 17:00:00', '2016-07-23 18:00:00', 22, 29),
	(683, '2016-07-23 17:00:00', '2016-07-23 18:00:00', 23, 31),
	(684, '2016-07-23 17:00:00', '2016-07-23 18:00:00', 24, 32),
	(685, '2016-07-23 17:00:00', '2016-07-23 18:00:00', 25, 33),
	(686, '2016-07-23 17:00:00', '2016-07-23 18:00:00', 26, 34),
	(687, '2016-07-23 17:00:00', '2016-07-23 18:00:00', 27, 36),
	(688, '2016-07-23 17:00:00', '2016-07-23 18:00:00', 28, 37),
	(689, '2016-07-23 17:00:00', '2016-07-23 18:00:00', 29, 38),
	(690, '2016-07-23 17:00:00', '2016-07-23 18:00:00', 30, 39),
	(691, '2016-07-23 18:00:00', '2016-07-23 19:00:00', 31, 2),
	(692, '2016-07-23 18:00:00', '2016-07-23 19:00:00', 32, 3),
	(693, '2016-07-23 18:00:00', '2016-07-23 19:00:00', 33, 4),
	(694, '2016-07-23 18:00:00', '2016-07-23 19:00:00', 34, 5),
	(695, '2016-07-23 18:00:00', '2016-07-23 19:00:00', 35, 6),
	(696, '2016-07-23 18:00:00', '2016-07-23 19:00:00', 36, 8),
	(697, '2016-07-23 18:00:00', '2016-07-23 19:00:00', 37, 9),
	(698, '2016-07-23 18:00:00', '2016-07-23 19:00:00', 38, 10),
	(699, '2016-07-23 18:00:00', '2016-07-23 19:00:00', 39, 11),
	(700, '2016-07-23 18:00:00', '2016-07-23 19:00:00', 40, 13),
	(701, '2016-07-23 18:00:00', '2016-07-23 19:00:00', 41, 16),
	(702, '2016-07-23 18:00:00', '2016-07-23 19:00:00', 42, 18),
	(703, '2016-07-23 18:00:00', '2016-07-23 19:00:00', 43, 20),
	(704, '2016-07-23 18:00:00', '2016-07-23 19:00:00', 44, 21),
	(705, '2016-07-23 18:00:00', '2016-07-23 19:00:00', 45, 22),
	(706, '2016-07-23 18:00:00', '2016-07-23 19:00:00', 46, 23),
	(707, '2016-07-23 18:00:00', '2016-07-23 19:00:00', 47, 24),
	(708, '2016-07-23 18:00:00', '2016-07-23 19:00:00', 48, 25),
	(709, '2016-07-23 18:00:00', '2016-07-23 19:00:00', 49, 26),
	(710, '2016-07-23 18:00:00', '2016-07-23 19:00:00', 50, 27),
	(711, '2016-07-23 18:00:00', '2016-07-23 19:00:00', 51, 28),
	(712, '2016-07-23 18:00:00', '2016-07-23 19:00:00', 52, 29),
	(713, '2016-07-23 18:00:00', '2016-07-23 19:00:00', 53, 31),
	(714, '2016-07-23 18:00:00', '2016-07-23 19:00:00', 54, 32),
	(715, '2016-07-23 18:00:00', '2016-07-23 19:00:00', 55, 33),
	(716, '2016-07-23 18:00:00', '2016-07-23 19:00:00', 56, 34),
	(717, '2016-07-23 18:00:00', '2016-07-23 19:00:00', 57, 36),
	(718, '2016-07-23 18:00:00', '2016-07-23 19:00:00', 58, 37),
	(719, '2016-07-23 18:00:00', '2016-07-23 19:00:00', 59, 38),
	(720, '2016-07-23 18:00:00', '2016-07-23 19:00:00', 60, 39),
	(721, '2016-07-23 19:00:00', '2016-07-23 20:00:00', 1, 2),
	(722, '2016-07-23 19:00:00', '2016-07-23 20:00:00', 2, 3),
	(723, '2016-07-23 19:00:00', '2016-07-23 20:00:00', 3, 4),
	(724, '2016-07-23 19:00:00', '2016-07-23 20:00:00', 4, 5),
	(725, '2016-07-23 19:00:00', '2016-07-23 20:00:00', 5, 6),
	(726, '2016-07-23 19:00:00', '2016-07-23 20:00:00', 6, 8),
	(727, '2016-07-23 19:00:00', '2016-07-23 20:00:00', 7, 9),
	(728, '2016-07-23 19:00:00', '2016-07-23 20:00:00', 8, 10),
	(729, '2016-07-23 19:00:00', '2016-07-23 20:00:00', 9, 11),
	(730, '2016-07-23 19:00:00', '2016-07-23 20:00:00', 10, 13),
	(731, '2016-07-23 19:00:00', '2016-07-23 20:00:00', 11, 16),
	(732, '2016-07-23 19:00:00', '2016-07-23 20:00:00', 12, 18),
	(733, '2016-07-23 19:00:00', '2016-07-23 20:00:00', 13, 20),
	(734, '2016-07-23 19:00:00', '2016-07-23 20:00:00', 14, 21),
	(735, '2016-07-23 19:00:00', '2016-07-23 20:00:00', 15, 22),
	(736, '2016-07-23 19:00:00', '2016-07-23 20:00:00', 16, 23),
	(737, '2016-07-23 19:00:00', '2016-07-23 20:00:00', 17, 24),
	(738, '2016-07-23 19:00:00', '2016-07-23 20:00:00', 18, 25),
	(739, '2016-07-23 19:00:00', '2016-07-23 20:00:00', 19, 26),
	(740, '2016-07-23 19:00:00', '2016-07-23 20:00:00', 20, 27),
	(741, '2016-07-23 19:00:00', '2016-07-23 20:00:00', 21, 28),
	(742, '2016-07-23 19:00:00', '2016-07-23 20:00:00', 22, 29),
	(743, '2016-07-23 19:00:00', '2016-07-23 20:00:00', 23, 31),
	(744, '2016-07-23 19:00:00', '2016-07-23 20:00:00', 24, 32),
	(745, '2016-07-23 19:00:00', '2016-07-23 20:00:00', 25, 33),
	(746, '2016-07-23 19:00:00', '2016-07-23 20:00:00', 26, 34),
	(747, '2016-07-23 19:00:00', '2016-07-23 20:00:00', 27, 36),
	(748, '2016-07-23 19:00:00', '2016-07-23 20:00:00', 28, 37),
	(749, '2016-07-23 19:00:00', '2016-07-23 20:00:00', 29, 38),
	(750, '2016-07-23 19:00:00', '2016-07-23 20:00:00', 30, 39),
	(751, '2016-07-23 20:00:00', '2016-11-23 21:00:00', 31, 2),
	(752, '2016-07-23 20:00:00', '2016-11-23 21:00:00', 32, 3),
	(753, '2016-07-23 20:00:00', '2016-11-23 21:00:00', 33, 4),
	(754, '2016-07-23 20:00:00', '2016-11-23 21:00:00', 34, 5),
	(755, '2016-07-23 20:00:00', '2016-11-23 21:00:00', 35, 6),
	(756, '2016-07-23 20:00:00', '2016-11-23 21:00:00', 36, 8),
	(757, '2016-07-23 20:00:00', '2016-11-23 21:00:00', 37, 9),
	(758, '2016-07-23 20:00:00', '2016-11-23 21:00:00', 38, 10),
	(759, '2016-07-23 20:00:00', '2016-11-23 21:00:00', 39, 11),
	(760, '2016-07-23 20:00:00', '2016-11-23 21:00:00', 40, 13),
	(761, '2016-07-23 20:00:00', '2016-11-23 21:00:00', 41, 16),
	(762, '2016-07-23 20:00:00', '2016-11-23 21:00:00', 42, 18),
	(763, '2016-07-23 20:00:00', '2016-11-23 21:00:00', 43, 20),
	(764, '2016-07-23 20:00:00', '2016-11-23 21:00:00', 44, 21),
	(765, '2016-07-23 20:00:00', '2016-11-23 21:00:00', 45, 22),
	(766, '2016-07-23 20:00:00', '2016-11-23 21:00:00', 46, 23),
	(767, '2016-07-23 20:00:00', '2016-11-23 21:00:00', 47, 24),
	(768, '2016-07-23 20:00:00', '2016-11-23 21:00:00', 48, 25),
	(769, '2016-07-23 20:00:00', '2016-11-23 21:00:00', 49, 26),
	(770, '2016-07-23 20:00:00', '2016-11-23 21:00:00', 50, 27),
	(771, '2016-07-23 20:00:00', '2016-11-23 21:00:00', 51, 28),
	(772, '2016-07-23 20:00:00', '2016-11-23 21:00:00', 52, 29),
	(773, '2016-07-23 20:00:00', '2016-11-23 21:00:00', 53, 31),
	(774, '2016-07-23 20:00:00', '2016-11-23 21:00:00', 54, 32),
	(775, '2016-07-23 20:00:00', '2016-11-23 21:00:00', 55, 33),
	(776, '2016-07-23 20:00:00', '2016-11-23 21:00:00', 56, 34),
	(777, '2016-07-23 20:00:00', '2016-11-23 21:00:00', 57, 36),
	(778, '2016-07-23 20:00:00', '2016-11-23 21:00:00', 58, 37),
	(779, '2016-07-23 20:00:00', '2016-11-23 21:00:00', 59, 38),
	(780, '2016-07-23 20:00:00', '2016-11-23 21:00:00', 60, 39),
	(781, '2016-07-23 21:00:00', '2016-07-23 22:00:00', 1, 2),
	(782, '2016-07-23 21:00:00', '2016-07-23 22:00:00', 2, 3),
	(783, '2016-07-23 21:00:00', '2016-07-23 22:00:00', 3, 4),
	(784, '2016-07-23 21:00:00', '2016-07-23 22:00:00', 4, 5),
	(785, '2016-07-23 21:00:00', '2016-07-23 22:00:00', 5, 6),
	(786, '2016-07-23 21:00:00', '2016-07-23 22:00:00', 6, 8),
	(787, '2016-07-23 21:00:00', '2016-07-23 22:00:00', 7, 9),
	(788, '2016-07-23 21:00:00', '2016-07-23 22:00:00', 8, 10),
	(789, '2016-07-23 21:00:00', '2016-07-23 22:00:00', 9, 11),
	(790, '2016-07-23 21:00:00', '2016-07-23 22:00:00', 10, 13),
	(791, '2016-07-23 21:00:00', '2016-07-23 22:00:00', 11, 16),
	(792, '2016-07-23 21:00:00', '2016-07-23 22:00:00', 12, 18),
	(793, '2016-07-23 21:00:00', '2016-07-23 22:00:00', 13, 20),
	(794, '2016-07-23 21:00:00', '2016-07-23 22:00:00', 14, 21),
	(795, '2016-07-23 21:00:00', '2016-07-23 22:00:00', 15, 22),
	(796, '2016-07-23 21:00:00', '2016-07-23 22:00:00', 16, 23),
	(797, '2016-07-23 21:00:00', '2016-07-23 22:00:00', 17, 24),
	(798, '2016-07-23 21:00:00', '2016-07-23 22:00:00', 18, 25),
	(799, '2016-07-23 21:00:00', '2016-07-23 22:00:00', 19, 26),
	(800, '2016-07-23 21:00:00', '2016-07-23 22:00:00', 20, 27),
	(801, '2016-07-23 21:00:00', '2016-07-23 22:00:00', 21, 28),
	(802, '2016-07-23 21:00:00', '2016-07-23 22:00:00', 22, 29),
	(803, '2016-07-23 21:00:00', '2016-07-23 22:00:00', 23, 31),
	(804, '2016-07-23 21:00:00', '2016-07-23 22:00:00', 24, 32),
	(805, '2016-07-23 21:00:00', '2016-07-23 22:00:00', 25, 33),
	(806, '2016-07-23 21:00:00', '2016-07-23 22:00:00', 26, 34),
	(807, '2016-07-23 21:00:00', '2016-07-23 22:00:00', 27, 36),
	(808, '2016-07-23 21:00:00', '2016-07-23 22:00:00', 28, 37),
	(809, '2016-07-23 21:00:00', '2016-07-23 22:00:00', 29, 38),
	(810, '2016-07-23 21:00:00', '2016-07-23 22:00:00', 30, 39),
	(811, '2016-07-23 22:00:00', '2016-07-23 23:00:00', 31, 2),
	(812, '2016-07-23 22:00:00', '2016-07-23 23:00:00', 32, 3),
	(813, '2016-07-23 22:00:00', '2016-07-23 23:00:00', 33, 4),
	(814, '2016-07-23 22:00:00', '2016-07-23 23:00:00', 34, 5),
	(815, '2016-07-23 22:00:00', '2016-07-23 23:00:00', 35, 6),
	(816, '2016-07-23 22:00:00', '2016-07-23 23:00:00', 36, 8),
	(817, '2016-07-23 22:00:00', '2016-07-23 23:00:00', 37, 9),
	(818, '2016-07-23 22:00:00', '2016-07-23 23:00:00', 38, 10),
	(819, '2016-07-23 22:00:00', '2016-07-23 23:00:00', 39, 11),
	(820, '2016-07-23 22:00:00', '2016-07-23 23:00:00', 40, 13),
	(821, '2016-07-23 22:00:00', '2016-07-23 23:00:00', 41, 16),
	(822, '2016-07-23 22:00:00', '2016-07-23 23:00:00', 42, 18),
	(823, '2016-07-23 22:00:00', '2016-07-23 23:00:00', 43, 20),
	(824, '2016-07-23 22:00:00', '2016-07-23 23:00:00', 44, 21),
	(825, '2016-07-23 22:00:00', '2016-07-23 23:00:00', 45, 22),
	(826, '2016-07-23 22:00:00', '2016-07-23 23:00:00', 46, 23),
	(827, '2016-07-23 22:00:00', '2016-07-23 23:00:00', 47, 24),
	(828, '2016-07-23 22:00:00', '2016-07-23 23:00:00', 48, 25),
	(829, '2016-07-23 22:00:00', '2016-07-23 23:00:00', 49, 26),
	(830, '2016-07-23 22:00:00', '2016-07-23 23:00:00', 50, 27),
	(831, '2016-07-23 22:00:00', '2016-07-23 23:00:00', 51, 28),
	(832, '2016-07-23 22:00:00', '2016-07-23 23:00:00', 52, 29),
	(833, '2016-07-23 22:00:00', '2016-07-23 23:00:00', 53, 31),
	(834, '2016-07-23 22:00:00', '2016-07-23 23:00:00', 54, 32),
	(835, '2016-07-23 22:00:00', '2016-07-23 23:00:00', 55, 33),
	(836, '2016-07-23 22:00:00', '2016-07-23 23:00:00', 56, 34),
	(837, '2016-07-23 22:00:00', '2016-07-23 23:00:00', 57, 36),
	(838, '2016-07-23 22:00:00', '2016-07-23 23:00:00', 58, 37),
	(839, '2016-07-23 22:00:00', '2016-07-23 23:00:00', 59, 38),
	(840, '2016-07-23 22:00:00', '2016-07-23 23:00:00', 60, 39),
	(841, '2016-07-24 16:00:00', '2016-07-24 17:00:00', 1, 2),
	(842, '2016-07-24 16:00:00', '2016-07-24 17:00:00', 2, 3),
	(843, '2016-07-24 16:00:00', '2016-07-24 17:00:00', 3, 4),
	(844, '2016-07-24 16:00:00', '2016-07-24 17:00:00', 4, 5),
	(845, '2016-07-24 16:00:00', '2016-07-24 17:00:00', 5, 6),
	(846, '2016-07-24 16:00:00', '2016-07-24 17:00:00', 6, 8),
	(847, '2016-07-24 16:00:00', '2016-07-24 17:00:00', 7, 9),
	(848, '2016-07-24 16:00:00', '2016-07-24 17:00:00', 8, 10),
	(849, '2016-07-24 16:00:00', '2016-07-24 17:00:00', 9, 11),
	(850, '2016-07-24 16:00:00', '2016-07-24 17:00:00', 10, 13),
	(851, '2016-07-24 16:00:00', '2016-07-24 17:00:00', 11, 16),
	(852, '2016-07-24 16:00:00', '2016-07-24 17:00:00', 12, 18),
	(853, '2016-07-24 16:00:00', '2016-07-24 17:00:00', 13, 20),
	(854, '2016-07-24 16:00:00', '2016-07-24 17:00:00', 14, 21),
	(855, '2016-07-24 16:00:00', '2016-07-24 17:00:00', 15, 22),
	(856, '2016-07-24 16:00:00', '2016-07-24 17:00:00', 16, 23),
	(857, '2016-07-24 16:00:00', '2016-07-24 17:00:00', 17, 24),
	(858, '2016-07-24 16:00:00', '2016-07-24 17:00:00', 18, 25),
	(859, '2016-07-24 16:00:00', '2016-07-24 17:00:00', 19, 26),
	(860, '2016-07-24 16:00:00', '2016-07-24 17:00:00', 20, 27),
	(861, '2016-07-24 16:00:00', '2016-07-24 17:00:00', 21, 28),
	(862, '2016-07-24 16:00:00', '2016-07-24 17:00:00', 22, 29),
	(863, '2016-07-24 16:00:00', '2016-07-24 17:00:00', 23, 31),
	(864, '2016-07-24 16:00:00', '2016-07-24 17:00:00', 24, 32),
	(865, '2016-07-24 16:00:00', '2016-07-24 17:00:00', 25, 33),
	(866, '2016-07-24 16:00:00', '2016-07-24 17:00:00', 26, 34),
	(867, '2016-07-24 16:00:00', '2016-07-24 17:00:00', 27, 36),
	(868, '2016-07-24 16:00:00', '2016-07-24 17:00:00', 28, 37),
	(869, '2016-07-24 16:00:00', '2016-07-24 17:00:00', 29, 38),
	(870, '2016-07-24 16:00:00', '2016-07-24 17:00:00', 30, 39),
	(871, '2016-07-24 17:00:00', '2016-07-24 18:00:00', 31, 2),
	(872, '2016-07-24 17:00:00', '2016-07-24 18:00:00', 32, 3),
	(873, '2016-07-24 17:00:00', '2016-07-24 18:00:00', 33, 4),
	(874, '2016-07-24 17:00:00', '2016-07-24 18:00:00', 34, 5),
	(875, '2016-07-24 17:00:00', '2016-07-24 18:00:00', 35, 6),
	(876, '2016-07-24 17:00:00', '2016-07-24 18:00:00', 36, 8),
	(877, '2016-07-24 17:00:00', '2016-07-24 18:00:00', 37, 9),
	(878, '2016-07-24 17:00:00', '2016-07-24 18:00:00', 38, 10),
	(879, '2016-07-24 17:00:00', '2016-07-24 18:00:00', 39, 11),
	(880, '2016-07-24 17:00:00', '2016-07-24 18:00:00', 40, 13),
	(881, '2016-07-24 17:00:00', '2016-07-24 18:00:00', 41, 16),
	(882, '2016-07-24 17:00:00', '2016-07-24 18:00:00', 42, 18),
	(883, '2016-07-24 17:00:00', '2016-07-24 18:00:00', 43, 20),
	(884, '2016-07-24 17:00:00', '2016-07-24 18:00:00', 44, 21),
	(885, '2016-07-24 17:00:00', '2016-07-24 18:00:00', 45, 22),
	(886, '2016-07-24 17:00:00', '2016-07-24 18:00:00', 46, 23),
	(887, '2016-07-24 17:00:00', '2016-07-24 18:00:00', 47, 24),
	(888, '2016-07-24 17:00:00', '2016-07-24 18:00:00', 48, 25),
	(889, '2016-07-24 17:00:00', '2016-07-24 18:00:00', 49, 26),
	(890, '2016-07-24 17:00:00', '2016-07-24 18:00:00', 50, 27),
	(891, '2016-07-24 17:00:00', '2016-07-24 18:00:00', 51, 28),
	(892, '2016-07-24 17:00:00', '2016-07-24 18:00:00', 52, 29),
	(893, '2016-07-24 17:00:00', '2016-07-24 18:00:00', 53, 31),
	(894, '2016-07-24 17:00:00', '2016-07-24 18:00:00', 54, 32),
	(895, '2016-07-24 17:00:00', '2016-07-24 18:00:00', 55, 33),
	(896, '2016-07-24 17:00:00', '2016-07-24 18:00:00', 56, 34),
	(897, '2016-07-24 17:00:00', '2016-07-24 18:00:00', 57, 36),
	(898, '2016-07-24 17:00:00', '2016-07-24 18:00:00', 58, 37),
	(899, '2016-07-24 17:00:00', '2016-07-24 18:00:00', 59, 38),
	(900, '2016-07-24 17:00:00', '2016-07-24 18:00:00', 60, 39),
	(901, '2016-07-24 18:00:00', '2016-07-24 19:00:00', 1, 2),
	(902, '2016-07-24 18:00:00', '2016-07-24 19:00:00', 2, 3),
	(903, '2016-07-24 18:00:00', '2016-07-24 19:00:00', 3, 4),
	(904, '2016-07-24 18:00:00', '2016-07-24 19:00:00', 4, 5),
	(905, '2016-07-24 18:00:00', '2016-07-24 19:00:00', 5, 6),
	(906, '2016-07-24 18:00:00', '2016-07-24 19:00:00', 6, 8),
	(907, '2016-07-24 18:00:00', '2016-07-24 19:00:00', 7, 9),
	(908, '2016-07-24 18:00:00', '2016-07-24 19:00:00', 8, 10),
	(909, '2016-07-24 18:00:00', '2016-07-24 19:00:00', 9, 11),
	(910, '2016-07-24 18:00:00', '2016-07-24 19:00:00', 10, 13),
	(911, '2016-07-24 18:00:00', '2016-07-24 19:00:00', 11, 16),
	(912, '2016-07-24 18:00:00', '2016-07-24 19:00:00', 12, 18),
	(913, '2016-07-24 18:00:00', '2016-07-24 19:00:00', 13, 20),
	(914, '2016-07-24 18:00:00', '2016-07-24 19:00:00', 14, 21),
	(915, '2016-07-24 18:00:00', '2016-07-24 19:00:00', 15, 22),
	(916, '2016-07-24 18:00:00', '2016-07-24 19:00:00', 16, 23),
	(917, '2016-07-24 18:00:00', '2016-07-24 19:00:00', 17, 24),
	(918, '2016-07-24 18:00:00', '2016-07-24 19:00:00', 18, 25),
	(919, '2016-07-24 18:00:00', '2016-07-24 19:00:00', 19, 26),
	(920, '2016-07-24 18:00:00', '2016-07-24 19:00:00', 20, 27),
	(921, '2016-07-24 18:00:00', '2016-07-24 19:00:00', 21, 28),
	(922, '2016-07-24 18:00:00', '2016-07-24 19:00:00', 22, 29),
	(923, '2016-07-24 18:00:00', '2016-07-24 19:00:00', 23, 31),
	(924, '2016-07-24 18:00:00', '2016-07-24 19:00:00', 24, 32),
	(925, '2016-07-24 18:00:00', '2016-07-24 19:00:00', 25, 33),
	(926, '2016-07-24 18:00:00', '2016-07-24 19:00:00', 26, 34),
	(927, '2016-07-24 18:00:00', '2016-07-24 19:00:00', 27, 36),
	(928, '2016-07-24 18:00:00', '2016-07-24 19:00:00', 28, 37),
	(929, '2016-07-24 18:00:00', '2016-07-24 19:00:00', 29, 38),
	(930, '2016-07-24 18:00:00', '2016-07-24 19:00:00', 30, 39),
	(931, '2016-07-24 19:00:00', '2016-07-24 20:00:00', 31, 2),
	(932, '2016-07-24 19:00:00', '2016-07-24 20:00:00', 32, 3),
	(933, '2016-07-24 19:00:00', '2016-07-24 20:00:00', 33, 4),
	(934, '2016-07-24 19:00:00', '2016-07-24 20:00:00', 34, 5),
	(935, '2016-07-24 19:00:00', '2016-07-24 20:00:00', 35, 6),
	(936, '2016-07-24 19:00:00', '2016-07-24 20:00:00', 36, 8),
	(937, '2016-07-24 19:00:00', '2016-07-24 20:00:00', 37, 9),
	(938, '2016-07-24 19:00:00', '2016-07-24 20:00:00', 38, 10),
	(939, '2016-07-24 19:00:00', '2016-07-24 20:00:00', 39, 11),
	(940, '2016-07-24 19:00:00', '2016-07-24 20:00:00', 40, 13),
	(941, '2016-07-24 19:00:00', '2016-07-24 20:00:00', 41, 16),
	(942, '2016-07-24 19:00:00', '2016-07-24 20:00:00', 42, 18),
	(943, '2016-07-24 19:00:00', '2016-07-24 20:00:00', 43, 20),
	(944, '2016-07-24 19:00:00', '2016-07-24 20:00:00', 44, 21),
	(945, '2016-07-24 19:00:00', '2016-07-24 20:00:00', 45, 22),
	(946, '2016-07-24 19:00:00', '2016-07-24 20:00:00', 46, 23),
	(947, '2016-07-24 19:00:00', '2016-07-24 20:00:00', 47, 24),
	(948, '2016-07-24 19:00:00', '2016-07-24 20:00:00', 48, 25),
	(949, '2016-07-24 19:00:00', '2016-07-24 20:00:00', 49, 26),
	(950, '2016-07-24 19:00:00', '2016-07-24 20:00:00', 50, 27),
	(951, '2016-07-24 19:00:00', '2016-07-24 20:00:00', 51, 28),
	(952, '2016-07-24 19:00:00', '2016-07-24 20:00:00', 52, 29),
	(953, '2016-07-24 19:00:00', '2016-07-24 20:00:00', 53, 31),
	(954, '2016-07-24 19:00:00', '2016-07-24 20:00:00', 54, 32),
	(955, '2016-07-24 19:00:00', '2016-07-24 20:00:00', 55, 33),
	(956, '2016-07-24 19:00:00', '2016-07-24 20:00:00', 56, 34),
	(957, '2016-07-24 19:00:00', '2016-07-24 20:00:00', 57, 36),
	(958, '2016-07-24 19:00:00', '2016-07-24 20:00:00', 58, 37),
	(959, '2016-07-24 19:00:00', '2016-07-24 20:00:00', 59, 38),
	(960, '2016-07-24 19:00:00', '2016-07-24 20:00:00', 60, 39),
	(961, '2016-07-24 20:00:00', '2016-11-24 21:00:00', 1, 2),
	(962, '2016-07-24 20:00:00', '2016-11-24 21:00:00', 2, 3),
	(963, '2016-07-24 20:00:00', '2016-11-24 21:00:00', 3, 4),
	(964, '2016-07-24 20:00:00', '2016-11-24 21:00:00', 4, 5),
	(965, '2016-07-24 20:00:00', '2016-11-24 21:00:00', 5, 6),
	(966, '2016-07-24 20:00:00', '2016-11-24 21:00:00', 6, 8),
	(967, '2016-07-24 20:00:00', '2016-11-24 21:00:00', 7, 9),
	(968, '2016-07-24 20:00:00', '2016-11-24 21:00:00', 8, 10),
	(969, '2016-07-24 20:00:00', '2016-11-24 21:00:00', 9, 11),
	(970, '2016-07-24 20:00:00', '2016-11-24 21:00:00', 10, 13),
	(971, '2016-07-24 20:00:00', '2016-11-24 21:00:00', 11, 16),
	(972, '2016-07-24 20:00:00', '2016-11-24 21:00:00', 12, 18),
	(973, '2016-07-24 20:00:00', '2016-11-24 21:00:00', 13, 20),
	(974, '2016-07-24 20:00:00', '2016-11-24 21:00:00', 14, 21),
	(975, '2016-07-24 20:00:00', '2016-11-24 21:00:00', 15, 22),
	(976, '2016-07-24 20:00:00', '2016-11-24 21:00:00', 16, 23),
	(977, '2016-07-24 20:00:00', '2016-11-24 21:00:00', 17, 24),
	(978, '2016-07-24 20:00:00', '2016-11-24 21:00:00', 18, 25),
	(979, '2016-07-24 20:00:00', '2016-11-24 21:00:00', 19, 26),
	(980, '2016-07-24 20:00:00', '2016-11-24 21:00:00', 20, 27),
	(981, '2016-07-24 20:00:00', '2016-11-24 21:00:00', 21, 28),
	(982, '2016-07-24 20:00:00', '2016-11-24 21:00:00', 22, 29),
	(983, '2016-07-24 20:00:00', '2016-11-24 21:00:00', 23, 31),
	(984, '2016-07-24 20:00:00', '2016-11-24 21:00:00', 24, 32),
	(985, '2016-07-24 20:00:00', '2016-11-24 21:00:00', 25, 33),
	(986, '2016-07-24 20:00:00', '2016-11-24 21:00:00', 26, 34),
	(987, '2016-07-24 20:00:00', '2016-11-24 21:00:00', 27, 36),
	(988, '2016-07-24 20:00:00', '2016-11-24 21:00:00', 28, 37),
	(989, '2016-07-24 20:00:00', '2016-11-24 21:00:00', 29, 38),
	(990, '2016-07-24 20:00:00', '2016-11-24 21:00:00', 30, 39),
	(991, '2016-07-24 21:00:00', '2016-07-24 22:00:00', 31, 2),
	(992, '2016-07-24 21:00:00', '2016-07-24 22:00:00', 32, 3),
	(993, '2016-07-24 21:00:00', '2016-07-24 22:00:00', 33, 4),
	(994, '2016-07-24 21:00:00', '2016-07-24 22:00:00', 34, 5),
	(995, '2016-07-24 21:00:00', '2016-07-24 22:00:00', 35, 6),
	(996, '2016-07-24 21:00:00', '2016-07-24 22:00:00', 36, 8),
	(997, '2016-07-24 21:00:00', '2016-07-24 22:00:00', 37, 9),
	(998, '2016-07-24 21:00:00', '2016-07-24 22:00:00', 38, 10),
	(999, '2016-07-24 21:00:00', '2016-07-24 22:00:00', 39, 11),
	(1000, '2016-07-24 21:00:00', '2016-07-24 22:00:00', 40, 13),
	(1001, '2016-07-24 21:00:00', '2016-07-24 22:00:00', 41, 16),
	(1002, '2016-07-24 21:00:00', '2016-07-24 22:00:00', 42, 18),
	(1003, '2016-07-24 21:00:00', '2016-07-24 22:00:00', 43, 20),
	(1004, '2016-07-24 21:00:00', '2016-07-24 22:00:00', 44, 21),
	(1005, '2016-07-24 21:00:00', '2016-07-24 22:00:00', 45, 22),
	(1006, '2016-07-24 21:00:00', '2016-07-24 22:00:00', 46, 23),
	(1007, '2016-07-24 21:00:00', '2016-07-24 22:00:00', 47, 24),
	(1008, '2016-07-24 21:00:00', '2016-07-24 22:00:00', 48, 25),
	(1009, '2016-07-24 21:00:00', '2016-07-24 22:00:00', 49, 26),
	(1010, '2016-07-24 21:00:00', '2016-07-24 22:00:00', 50, 27),
	(1011, '2016-07-24 21:00:00', '2016-07-24 22:00:00', 51, 28),
	(1012, '2016-07-24 21:00:00', '2016-07-24 22:00:00', 52, 29),
	(1013, '2016-07-24 21:00:00', '2016-07-24 22:00:00', 53, 31),
	(1014, '2016-07-24 21:00:00', '2016-07-24 22:00:00', 54, 32),
	(1015, '2016-07-24 21:00:00', '2016-07-24 22:00:00', 55, 33),
	(1016, '2016-07-24 21:00:00', '2016-07-24 22:00:00', 56, 34),
	(1017, '2016-07-24 21:00:00', '2016-07-24 22:00:00', 57, 36),
	(1018, '2016-07-24 21:00:00', '2016-07-24 22:00:00', 58, 37),
	(1019, '2016-07-24 21:00:00', '2016-07-24 22:00:00', 59, 38),
	(1020, '2016-07-24 21:00:00', '2016-07-24 22:00:00', 60, 39),
	(1021, '2016-07-24 22:00:00', '2016-07-24 23:00:00', 1, 2),
	(1022, '2016-07-24 22:00:00', '2016-07-24 23:00:00', 2, 3),
	(1023, '2016-07-24 22:00:00', '2016-07-24 23:00:00', 3, 4),
	(1024, '2016-07-24 22:00:00', '2016-07-24 23:00:00', 4, 5),
	(1025, '2016-07-24 22:00:00', '2016-07-24 23:00:00', 5, 6),
	(1026, '2016-07-24 22:00:00', '2016-07-24 23:00:00', 6, 8),
	(1027, '2016-07-24 22:00:00', '2016-07-24 23:00:00', 7, 9),
	(1028, '2016-07-24 22:00:00', '2016-07-24 23:00:00', 8, 10),
	(1029, '2016-07-24 22:00:00', '2016-07-24 23:00:00', 9, 11),
	(1030, '2016-07-24 22:00:00', '2016-07-24 23:00:00', 10, 13),
	(1031, '2016-07-24 22:00:00', '2016-07-24 23:00:00', 11, 16),
	(1032, '2016-07-24 22:00:00', '2016-07-24 23:00:00', 12, 18),
	(1033, '2016-07-24 22:00:00', '2016-07-24 23:00:00', 13, 20),
	(1034, '2016-07-24 22:00:00', '2016-07-24 23:00:00', 14, 21),
	(1035, '2016-07-24 22:00:00', '2016-07-24 23:00:00', 15, 22),
	(1036, '2016-07-24 22:00:00', '2016-07-24 23:00:00', 16, 23),
	(1037, '2016-07-24 22:00:00', '2016-07-24 23:00:00', 17, 24),
	(1038, '2016-07-24 22:00:00', '2016-07-24 23:00:00', 18, 25),
	(1039, '2016-07-24 22:00:00', '2016-07-24 23:00:00', 19, 26),
	(1040, '2016-07-24 22:00:00', '2016-07-24 23:00:00', 20, 27),
	(1041, '2016-07-24 22:00:00', '2016-07-24 23:00:00', 21, 28),
	(1042, '2016-07-24 22:00:00', '2016-07-24 23:00:00', 22, 29),
	(1043, '2016-07-24 22:00:00', '2016-07-24 23:00:00', 23, 31),
	(1044, '2016-07-24 22:00:00', '2016-07-24 23:00:00', 24, 32),
	(1045, '2016-07-24 22:00:00', '2016-07-24 23:00:00', 25, 33),
	(1046, '2016-07-24 22:00:00', '2016-07-24 23:00:00', 26, 34),
	(1047, '2016-07-24 22:00:00', '2016-07-24 23:00:00', 27, 36),
	(1048, '2016-07-24 22:00:00', '2016-07-24 23:00:00', 28, 37),
	(1049, '2016-07-24 22:00:00', '2016-07-24 23:00:00', 29, 38),
	(1050, '2016-07-24 22:00:00', '2016-07-24 23:00:00', 30, 39),
	(1051, '2016-07-25 16:00:00', '2016-07-25 17:00:00', 31, 2),
	(1052, '2016-07-25 16:00:00', '2016-07-25 17:00:00', 32, 3),
	(1053, '2016-07-25 16:00:00', '2016-07-25 17:00:00', 33, 4),
	(1054, '2016-07-25 16:00:00', '2016-07-25 17:00:00', 34, 5),
	(1055, '2016-07-25 16:00:00', '2016-07-25 17:00:00', 35, 6),
	(1056, '2016-07-25 16:00:00', '2016-07-25 17:00:00', 36, 8),
	(1057, '2016-07-25 16:00:00', '2016-07-25 17:00:00', 37, 9),
	(1058, '2016-07-25 16:00:00', '2016-07-25 17:00:00', 38, 10),
	(1059, '2016-07-25 16:00:00', '2016-07-25 17:00:00', 39, 11),
	(1060, '2016-07-25 16:00:00', '2016-07-25 17:00:00', 40, 13),
	(1061, '2016-07-25 16:00:00', '2016-07-25 17:00:00', 41, 16),
	(1062, '2016-07-25 16:00:00', '2016-07-25 17:00:00', 42, 18),
	(1063, '2016-07-25 16:00:00', '2016-07-25 17:00:00', 43, 20),
	(1064, '2016-07-25 16:00:00', '2016-07-25 17:00:00', 44, 21),
	(1065, '2016-07-25 16:00:00', '2016-07-25 17:00:00', 45, 22),
	(1066, '2016-07-25 16:00:00', '2016-07-25 17:00:00', 46, 23),
	(1067, '2016-07-25 16:00:00', '2016-07-25 17:00:00', 47, 24),
	(1068, '2016-07-25 16:00:00', '2016-07-25 17:00:00', 48, 25),
	(1069, '2016-07-25 16:00:00', '2016-07-25 17:00:00', 49, 26),
	(1070, '2016-07-25 16:00:00', '2016-07-25 17:00:00', 50, 27),
	(1071, '2016-07-25 16:00:00', '2016-07-25 17:00:00', 51, 28),
	(1072, '2016-07-25 16:00:00', '2016-07-25 17:00:00', 52, 29),
	(1073, '2016-07-25 16:00:00', '2016-07-25 17:00:00', 53, 31),
	(1074, '2016-07-25 16:00:00', '2016-07-25 17:00:00', 54, 32),
	(1075, '2016-07-25 16:00:00', '2016-07-25 17:00:00', 55, 33),
	(1076, '2016-07-25 16:00:00', '2016-07-25 17:00:00', 56, 34),
	(1077, '2016-07-25 16:00:00', '2016-07-25 17:00:00', 57, 36),
	(1078, '2016-07-25 16:00:00', '2016-07-25 17:00:00', 58, 37),
	(1079, '2016-07-25 16:00:00', '2016-07-25 17:00:00', 59, 38),
	(1080, '2016-07-25 16:00:00', '2016-07-25 17:00:00', 60, 39),
	(1081, '2016-07-25 17:00:00', '2016-07-25 18:00:00', 1, 2),
	(1082, '2016-07-25 17:00:00', '2016-07-25 18:00:00', 2, 3),
	(1083, '2016-07-25 17:00:00', '2016-07-25 18:00:00', 3, 4),
	(1084, '2016-07-25 17:00:00', '2016-07-25 18:00:00', 4, 5),
	(1085, '2016-07-25 17:00:00', '2016-07-25 18:00:00', 5, 6),
	(1086, '2016-07-25 17:00:00', '2016-07-25 18:00:00', 6, 8),
	(1087, '2016-07-25 17:00:00', '2016-07-25 18:00:00', 7, 9),
	(1088, '2016-07-25 17:00:00', '2016-07-25 18:00:00', 8, 10),
	(1089, '2016-07-25 17:00:00', '2016-07-25 18:00:00', 9, 11),
	(1090, '2016-07-25 17:00:00', '2016-07-25 18:00:00', 10, 13),
	(1091, '2016-07-25 17:00:00', '2016-07-25 18:00:00', 11, 16),
	(1092, '2016-07-25 17:00:00', '2016-07-25 18:00:00', 12, 18),
	(1093, '2016-07-25 17:00:00', '2016-07-25 18:00:00', 13, 20),
	(1094, '2016-07-25 17:00:00', '2016-07-25 18:00:00', 14, 21),
	(1095, '2016-07-25 17:00:00', '2016-07-25 18:00:00', 15, 22),
	(1096, '2016-07-25 17:00:00', '2016-07-25 18:00:00', 16, 23),
	(1097, '2016-07-25 17:00:00', '2016-07-25 18:00:00', 17, 24),
	(1098, '2016-07-25 17:00:00', '2016-07-25 18:00:00', 18, 25),
	(1099, '2016-07-25 17:00:00', '2016-07-25 18:00:00', 19, 26),
	(1100, '2016-07-25 17:00:00', '2016-07-25 18:00:00', 20, 27),
	(1101, '2016-07-25 17:00:00', '2016-07-25 18:00:00', 21, 28),
	(1102, '2016-07-25 17:00:00', '2016-07-25 18:00:00', 22, 29),
	(1103, '2016-07-25 17:00:00', '2016-07-25 18:00:00', 23, 31),
	(1104, '2016-07-25 17:00:00', '2016-07-25 18:00:00', 24, 32),
	(1105, '2016-07-25 17:00:00', '2016-07-25 18:00:00', 25, 33),
	(1106, '2016-07-25 17:00:00', '2016-07-25 18:00:00', 26, 34),
	(1107, '2016-07-25 17:00:00', '2016-07-25 18:00:00', 27, 36),
	(1108, '2016-07-25 17:00:00', '2016-07-25 18:00:00', 28, 37),
	(1109, '2016-07-25 17:00:00', '2016-07-25 18:00:00', 29, 38),
	(1110, '2016-07-25 17:00:00', '2016-07-25 18:00:00', 30, 39),
	(1111, '2016-07-25 18:00:00', '2016-07-25 19:00:00', 31, 2),
	(1112, '2016-07-25 18:00:00', '2016-07-25 19:00:00', 32, 3),
	(1113, '2016-07-25 18:00:00', '2016-07-25 19:00:00', 33, 4),
	(1114, '2016-07-25 18:00:00', '2016-07-25 19:00:00', 34, 5),
	(1115, '2016-07-25 18:00:00', '2016-07-25 19:00:00', 35, 6),
	(1116, '2016-07-25 18:00:00', '2016-07-25 19:00:00', 36, 8),
	(1117, '2016-07-25 18:00:00', '2016-07-25 19:00:00', 37, 9),
	(1118, '2016-07-25 18:00:00', '2016-07-25 19:00:00', 38, 10),
	(1119, '2016-07-25 18:00:00', '2016-07-25 19:00:00', 39, 11),
	(1120, '2016-07-25 18:00:00', '2016-07-25 19:00:00', 40, 13),
	(1121, '2016-07-25 18:00:00', '2016-07-25 19:00:00', 41, 16),
	(1122, '2016-07-25 18:00:00', '2016-07-25 19:00:00', 42, 18),
	(1123, '2016-07-25 18:00:00', '2016-07-25 19:00:00', 43, 20),
	(1124, '2016-07-25 18:00:00', '2016-07-25 19:00:00', 44, 21),
	(1125, '2016-07-25 18:00:00', '2016-07-25 19:00:00', 45, 22),
	(1126, '2016-07-25 18:00:00', '2016-07-25 19:00:00', 46, 23),
	(1127, '2016-07-25 18:00:00', '2016-07-25 19:00:00', 47, 24),
	(1128, '2016-07-25 18:00:00', '2016-07-25 19:00:00', 48, 25),
	(1129, '2016-07-25 18:00:00', '2016-07-25 19:00:00', 49, 26),
	(1130, '2016-07-25 18:00:00', '2016-07-25 19:00:00', 50, 27),
	(1131, '2016-07-25 18:00:00', '2016-07-25 19:00:00', 51, 28),
	(1132, '2016-07-25 18:00:00', '2016-07-25 19:00:00', 52, 29),
	(1133, '2016-07-25 18:00:00', '2016-07-25 19:00:00', 53, 31),
	(1134, '2016-07-25 18:00:00', '2016-07-25 19:00:00', 54, 32),
	(1135, '2016-07-25 18:00:00', '2016-07-25 19:00:00', 55, 33),
	(1136, '2016-07-25 18:00:00', '2016-07-25 19:00:00', 56, 34),
	(1137, '2016-07-25 18:00:00', '2016-07-25 19:00:00', 57, 36),
	(1138, '2016-07-25 18:00:00', '2016-07-25 19:00:00', 58, 37),
	(1139, '2016-07-25 18:00:00', '2016-07-25 19:00:00', 59, 38),
	(1140, '2016-07-25 18:00:00', '2016-07-25 19:00:00', 60, 39),
	(1141, '2016-07-25 19:00:00', '2016-07-25 20:00:00', 1, 2),
	(1142, '2016-07-25 19:00:00', '2016-07-25 20:00:00', 2, 3),
	(1143, '2016-07-25 19:00:00', '2016-07-25 20:00:00', 3, 4),
	(1144, '2016-07-25 19:00:00', '2016-07-25 20:00:00', 4, 5),
	(1145, '2016-07-25 19:00:00', '2016-07-25 20:00:00', 5, 6),
	(1146, '2016-07-25 19:00:00', '2016-07-25 20:00:00', 6, 8),
	(1147, '2016-07-25 19:00:00', '2016-07-25 20:00:00', 7, 9),
	(1148, '2016-07-25 19:00:00', '2016-07-25 20:00:00', 8, 10),
	(1149, '2016-07-25 19:00:00', '2016-07-25 20:00:00', 9, 11),
	(1150, '2016-07-25 19:00:00', '2016-07-25 20:00:00', 10, 13),
	(1151, '2016-07-25 19:00:00', '2016-07-25 20:00:00', 11, 16),
	(1152, '2016-07-25 19:00:00', '2016-07-25 20:00:00', 12, 18),
	(1153, '2016-07-25 19:00:00', '2016-07-25 20:00:00', 13, 20),
	(1154, '2016-07-25 19:00:00', '2016-07-25 20:00:00', 14, 21),
	(1155, '2016-07-25 19:00:00', '2016-07-25 20:00:00', 15, 22),
	(1156, '2016-07-25 19:00:00', '2016-07-25 20:00:00', 16, 23),
	(1157, '2016-07-25 19:00:00', '2016-07-25 20:00:00', 17, 24),
	(1158, '2016-07-25 19:00:00', '2016-07-25 20:00:00', 18, 25),
	(1159, '2016-07-25 19:00:00', '2016-07-25 20:00:00', 19, 26),
	(1160, '2016-07-25 19:00:00', '2016-07-25 20:00:00', 20, 27),
	(1161, '2016-07-25 19:00:00', '2016-07-25 20:00:00', 21, 28),
	(1162, '2016-07-25 19:00:00', '2016-07-25 20:00:00', 22, 29),
	(1163, '2016-07-25 19:00:00', '2016-07-25 20:00:00', 23, 31),
	(1164, '2016-07-25 19:00:00', '2016-07-25 20:00:00', 24, 32),
	(1165, '2016-07-25 19:00:00', '2016-07-25 20:00:00', 25, 33),
	(1166, '2016-07-25 19:00:00', '2016-07-25 20:00:00', 26, 34),
	(1167, '2016-07-25 19:00:00', '2016-07-25 20:00:00', 27, 36),
	(1168, '2016-07-25 19:00:00', '2016-07-25 20:00:00', 28, 37),
	(1169, '2016-07-25 19:00:00', '2016-07-25 20:00:00', 29, 38),
	(1170, '2016-07-25 19:00:00', '2016-07-25 20:00:00', 30, 39),
	(1171, '2016-07-25 20:00:00', '2016-11-25 21:00:00', 31, 2),
	(1172, '2016-07-25 20:00:00', '2016-11-25 21:00:00', 32, 3),
	(1173, '2016-07-25 20:00:00', '2016-11-25 21:00:00', 33, 4),
	(1174, '2016-07-25 20:00:00', '2016-11-25 21:00:00', 34, 5),
	(1175, '2016-07-25 20:00:00', '2016-11-25 21:00:00', 35, 6),
	(1176, '2016-07-25 20:00:00', '2016-11-25 21:00:00', 36, 8),
	(1177, '2016-07-25 20:00:00', '2016-11-25 21:00:00', 37, 9),
	(1178, '2016-07-25 20:00:00', '2016-11-25 21:00:00', 38, 10),
	(1179, '2016-07-25 20:00:00', '2016-11-25 21:00:00', 39, 11),
	(1180, '2016-07-25 20:00:00', '2016-11-25 21:00:00', 40, 13),
	(1181, '2016-07-25 20:00:00', '2016-11-25 21:00:00', 41, 16),
	(1182, '2016-07-25 20:00:00', '2016-11-25 21:00:00', 42, 18),
	(1183, '2016-07-25 20:00:00', '2016-11-25 21:00:00', 43, 20),
	(1184, '2016-07-25 20:00:00', '2016-11-25 21:00:00', 44, 21),
	(1185, '2016-07-25 20:00:00', '2016-11-25 21:00:00', 45, 22),
	(1186, '2016-07-25 20:00:00', '2016-11-25 21:00:00', 46, 23),
	(1187, '2016-07-25 20:00:00', '2016-11-25 21:00:00', 47, 24),
	(1188, '2016-07-25 20:00:00', '2016-11-25 21:00:00', 48, 25),
	(1189, '2016-07-25 20:00:00', '2016-11-25 21:00:00', 49, 26),
	(1190, '2016-07-25 20:00:00', '2016-11-25 21:00:00', 50, 27),
	(1191, '2016-07-25 20:00:00', '2016-11-25 21:00:00', 51, 28),
	(1192, '2016-07-25 20:00:00', '2016-11-25 21:00:00', 52, 29),
	(1193, '2016-07-25 20:00:00', '2016-11-25 21:00:00', 53, 31),
	(1194, '2016-07-25 20:00:00', '2016-11-25 21:00:00', 54, 32),
	(1195, '2016-07-25 20:00:00', '2016-11-25 21:00:00', 55, 33),
	(1196, '2016-07-25 20:00:00', '2016-11-25 21:00:00', 56, 34),
	(1197, '2016-07-25 20:00:00', '2016-11-25 21:00:00', 57, 36),
	(1198, '2016-07-25 20:00:00', '2016-11-25 21:00:00', 58, 37),
	(1199, '2016-07-25 20:00:00', '2016-11-25 21:00:00', 59, 38),
	(1200, '2016-07-25 20:00:00', '2016-11-25 21:00:00', 60, 39),
	(1201, '2016-07-25 21:00:00', '2016-07-25 22:00:00', 1, 2),
	(1202, '2016-07-25 21:00:00', '2016-07-25 22:00:00', 2, 3),
	(1203, '2016-07-25 21:00:00', '2016-07-25 22:00:00', 3, 4),
	(1204, '2016-07-25 21:00:00', '2016-07-25 22:00:00', 4, 5),
	(1205, '2016-07-25 21:00:00', '2016-07-25 22:00:00', 5, 6),
	(1206, '2016-07-25 21:00:00', '2016-07-25 22:00:00', 6, 8),
	(1207, '2016-07-25 21:00:00', '2016-07-25 22:00:00', 7, 9),
	(1208, '2016-07-25 21:00:00', '2016-07-25 22:00:00', 8, 10),
	(1209, '2016-07-25 21:00:00', '2016-07-25 22:00:00', 9, 11),
	(1210, '2016-07-25 21:00:00', '2016-07-25 22:00:00', 10, 13),
	(1211, '2016-07-25 21:00:00', '2016-07-25 22:00:00', 11, 16),
	(1212, '2016-07-25 21:00:00', '2016-07-25 22:00:00', 12, 18),
	(1213, '2016-07-25 21:00:00', '2016-07-25 22:00:00', 13, 20),
	(1214, '2016-07-25 21:00:00', '2016-07-25 22:00:00', 14, 21),
	(1215, '2016-07-25 21:00:00', '2016-07-25 22:00:00', 15, 22),
	(1216, '2016-07-25 21:00:00', '2016-07-25 22:00:00', 16, 23),
	(1217, '2016-07-25 21:00:00', '2016-07-25 22:00:00', 17, 24),
	(1218, '2016-07-25 21:00:00', '2016-07-25 22:00:00', 18, 25),
	(1219, '2016-07-25 21:00:00', '2016-07-25 22:00:00', 19, 26),
	(1220, '2016-07-25 21:00:00', '2016-07-25 22:00:00', 20, 27),
	(1221, '2016-07-25 21:00:00', '2016-07-25 22:00:00', 21, 28),
	(1222, '2016-07-25 21:00:00', '2016-07-25 22:00:00', 22, 29),
	(1223, '2016-07-25 21:00:00', '2016-07-25 22:00:00', 23, 31),
	(1224, '2016-07-25 21:00:00', '2016-07-25 22:00:00', 24, 32),
	(1225, '2016-07-25 21:00:00', '2016-07-25 22:00:00', 25, 33),
	(1226, '2016-07-25 21:00:00', '2016-07-25 22:00:00', 26, 34),
	(1227, '2016-07-25 21:00:00', '2016-07-25 22:00:00', 27, 36),
	(1228, '2016-07-25 21:00:00', '2016-07-25 22:00:00', 28, 37),
	(1229, '2016-07-25 21:00:00', '2016-07-25 22:00:00', 29, 38),
	(1230, '2016-07-25 21:00:00', '2016-07-25 22:00:00', 30, 39),
	(1231, '2016-07-25 22:00:00', '2016-07-25 23:00:00', 31, 2),
	(1232, '2016-07-25 22:00:00', '2016-07-25 23:00:00', 32, 3),
	(1233, '2016-07-25 22:00:00', '2016-07-25 23:00:00', 33, 4),
	(1234, '2016-07-25 22:00:00', '2016-07-25 23:00:00', 34, 5),
	(1235, '2016-07-25 22:00:00', '2016-07-25 23:00:00', 35, 6),
	(1236, '2016-07-25 22:00:00', '2016-07-25 23:00:00', 36, 8),
	(1237, '2016-07-25 22:00:00', '2016-07-25 23:00:00', 37, 9),
	(1238, '2016-07-25 22:00:00', '2016-07-25 23:00:00', 38, 10),
	(1239, '2016-07-25 22:00:00', '2016-07-25 23:00:00', 39, 11),
	(1240, '2016-07-25 22:00:00', '2016-07-25 23:00:00', 40, 13),
	(1241, '2016-07-25 22:00:00', '2016-07-25 23:00:00', 41, 16),
	(1242, '2016-07-25 22:00:00', '2016-07-25 23:00:00', 42, 18),
	(1243, '2016-07-25 22:00:00', '2016-07-25 23:00:00', 43, 20),
	(1244, '2016-07-25 22:00:00', '2016-07-25 23:00:00', 44, 21),
	(1245, '2016-07-25 22:00:00', '2016-07-25 23:00:00', 45, 22),
	(1246, '2016-07-25 22:00:00', '2016-07-25 23:00:00', 46, 23),
	(1247, '2016-07-25 22:00:00', '2016-07-25 23:00:00', 47, 24),
	(1248, '2016-07-25 22:00:00', '2016-07-25 23:00:00', 48, 25),
	(1249, '2016-07-25 22:00:00', '2016-07-25 23:00:00', 49, 26),
	(1250, '2016-07-25 22:00:00', '2016-07-25 23:00:00', 50, 27),
	(1251, '2016-07-25 22:00:00', '2016-07-25 23:00:00', 51, 28),
	(1252, '2016-07-25 22:00:00', '2016-07-25 23:00:00', 52, 29),
	(1253, '2016-07-25 22:00:00', '2016-07-25 23:00:00', 53, 31),
	(1254, '2016-07-25 22:00:00', '2016-07-25 23:00:00', 54, 32),
	(1255, '2016-07-25 22:00:00', '2016-07-25 23:00:00', 55, 33),
	(1256, '2016-07-25 22:00:00', '2016-07-25 23:00:00', 56, 34),
	(1257, '2016-07-25 22:00:00', '2016-07-25 23:00:00', 57, 36),
	(1258, '2016-07-25 22:00:00', '2016-07-25 23:00:00', 58, 37),
	(1259, '2016-07-25 22:00:00', '2016-07-25 23:00:00', 59, 38),
	(1260, '2016-07-25 22:00:00', '2016-07-25 23:00:00', 60, 39);
/*!40000 ALTER TABLE `performance` ENABLE KEYS */;

-- Exportiere Daten aus Tabelle ufo.user: ~0 rows (ungefähr)
DELETE FROM `user`;
/*!40000 ALTER TABLE `user` DISABLE KEYS */;
INSERT INTO `user` (`id`, `email`, `password`) VALUES
	(1, 'christoph@wur.st', 'bab'),
	(2, 'stefan.roesch1985@gmail.com', 'bab');
/*!40000 ALTER TABLE `user` ENABLE KEYS */;

-- Exportiere Daten aus Tabelle ufo.venue: ~39 rows (ungefähr)
DELETE FROM `venue`;
/*!40000 ALTER TABLE `venue` DISABLE KEYS */;
INSERT INTO `venue` (`id`, `area_id`, `short_desc`, `desc`, `longitude`, `latitude`) VALUES
	(1, 1, 'H1', 'Dreifaltigkeitssäule', 14.191891539042714, 48.265029475833316),
	(2, 1, 'H2', 'Mader Reisen', 14.199472765111805, 48.292275401132436),
	(3, 1, 'H3', 'Haltestelle', 14.21295871340014, 48.27796736667675),
	(4, 1, 'H4', 'Altes Rathaus', 14.200960696256683, 48.26090138432654),
	(5, 1, 'H5', 'Fa. Mammut', 14.151624835936003, 48.26542002977377),
	(6, 1, 'H6', 'Bank Austria', 14.222225644134195, 48.30486813442304),
	(7, 2, 'P1', 'Keplersalon', 14.207663742785961, 48.21371431373406),
	(8, 2, 'P2', 'Adalbert-Stifter-Platz', 14.195580343385767, 48.22675877880003),
	(9, 2, 'P3', 'Stadtpfarrkirche', 14.197052866916222, 48.294988001254374),
	(10, 2, 'P4', 'Pfarrgasse 3', 14.233781408596581, 48.27394304229314),
	(11, 2, 'P5', 'Pfarrplatz', 14.218370988749314, 48.260025819940516),
	(12, 2, 'P6', 'Dorngasse/Postamt', 14.195016136528007, 48.285003225891856),
	(13, 2, 'Z', 'Spektakelzelt', 14.18996772294861, 48.284828940140855),
	(14, 3, 'A1', 'Klosterstraße 7', 14.20424153493181, 48.25672085730985),
	(15, 3, 'A2', 'Landhaus', 14.220879684827178, 48.22423585527971),
	(16, 3, 'A3', 'Altstadt 13', 14.20854022499038, 48.25999356218613),
	(17, 3, 'A4', 'Alter Markt', 14.224347139032881, 48.231755011679375),
	(18, 3, 'A5', 'Hofgasse 13', 14.235733644371605, 48.27340318989326),
	(19, 3, 'A6', 'Schlossmuseum', 14.209815019424832, 48.21886553051776),
	(20, 4, 'L1', 'Annagasse', 14.214882597387659, 48.307816398458385),
	(21, 4, 'L2', 'Taubenmarkt', 14.24443420320231, 48.28872182370976),
	(22, 4, 'L3', 'Bethlehemstraße', 14.160306512015227, 48.22536709202022),
	(23, 4, 'L4', 'Spittelwiese 4', 14.19591592712879, 48.29347836265664),
	(24, 4, 'L5', 'Ursulinenkirche', 14.229644034970221, 48.25778508995453),
	(25, 4, 'L6', 'Kameliterkirche', 14.249993347935373, 48.26661147288662),
	(26, 4, 'L7', 'OK-Platz', 14.233077323700373, 48.255552202915354),
	(27, 4, 'L8', 'Martin-Luther-Platz', 14.228529046549024, 48.26598862707242),
	(28, 5, 'T1', 'Altes Rathaus-Innenhof', 14.19435599878836, 48.26381411579793),
	(29, 5, 'T2', 'Tummelplatz', 14.186002585697922, 48.22857058416919),
	(30, 5, 'T3', 'Landhaus Arkadenhof', 14.234845166825545, 48.278514084693526),
	(31, 5, 'T4', 'Landhaus', 14.238034926064346, 48.244632379314524),
	(32, 5, 'T5', 'Sparkassenplatz', 14.159057121452928, 48.251388472394446),
	(33, 5, 'T6', 'Domplatz', 14.22977100068682, 48.28468958932412),
	(34, 6, 'X1', 'Cafe Traxlmayr', 14.184134947633497, 48.25660597326849),
	(35, 6, 'X2', 'Sparkasse OÖ', 14.180625026515337, 48.22330721584457),
	(36, 6, 'X3', 'Promenade 17', 14.224661002750192, 48.243383369290626),
	(37, 6, 'X4', 'Medienhaus Wimmer', 14.192933841275922, 48.22451910158109),
	(38, 7, 'M1', 'Ursulinen-Hof', 14.193793987151043, 48.28541263408532),
	(39, 7, 'M2', 'Central-Innenhof', 14.195681212046818, 48.21216816105151);
/*!40000 ALTER TABLE `venue` ENABLE KEYS */;
/*!40101 SET SQL_MODE=IFNULL(@OLD_SQL_MODE, '') */;
/*!40014 SET FOREIGN_KEY_CHECKS=IF(@OLD_FOREIGN_KEY_CHECKS IS NULL, 1, @OLD_FOREIGN_KEY_CHECKS) */;
/*!40101 SET CHARACTER_SET_CLIENT=@OLD_CHARACTER_SET_CLIENT */;
